Step,Reward
run 1,1,-0.00783117488026619,False,0.0,0.0,0.0,0.0,0.0,0.0,0.0,0.0,0.0,0.0,0.0,0,0
run 1,2,-0.012317150831222534,False,0.0,0.0,0.0,0.0,0.0,0.0,0.0,0.0,0.0,0.0,0.0,0,0
run 1,3,-0.007736236788332462,False,0.0,0.0,0.0,0.0,0.0,0.0,0.0,0.0,0.0,0.0,0.0,0,0
run 1,4,0.0015546055510640144,False,0.0,0.0,0.0,0.0,0.0,0.0,0.0,0.0,0.0,0.0,0.0,0,0
run 1,5,0.01615232229232788,False,0.0,0.0,0.0,0.0,0.0,0.0,0.0,0.0,0.0,0.0,0.0,0,0
run 1,6,-0.014703419059515,False,0.0,0.0,0.0,0.0,0.0,0.0,0.0,0.0,0.0,0.0,0.0,0,0
run 1,7,-0.04549410194158554,False,0.0,0.0,0.0,0.0,0.0,0.0,0.0,0.0,0.0,0.0,0.0,0,0
run 1,8,-0.009443381801247597,False,0.0,0.0,0.0,0.0,0.0,0.0,0.0,0.0,0.0,0.0,0.0,0,0
run 1,9,-0.003656834363937378,False,0.0,0.0,0.0,0.0,0.0,0.0,0.0,0.0,0.0,0.0,0.0,0,0
run 1,10,-0.011628963053226471,False,0.0,0.0,0.0,0.0,0.0,0.0,0.0,0.0,0.0,0.0,0.0,0,0
run 1,11,0.00019701942801475525,False,0.0,0.0,0.0,0.0,0.0,0.0,0.0,0.0,0.0,0.0,0.0,0,0
run 1,12,0.009675528854131699,False,0.0,0.0,0.0,0.0,0.0,0.0,0.0,0.0,0.0,0.0,0.0,0,0
run 1,13,-0.015622291713953018,False,0.0,0.0,0.0,0.0,0.0,0.0,0.0,0.0,0.0,0.0,0.0,0,0
run 1,14,-0.016637137159705162,False,0.0,0.0,0.0,0.0,0.0,0.0,0.0,0.0,0.0,0.0,0.0,0,0
run 1,15,0.013678992167115211,False,0.0,0.0,0.0,0.0,0.0,0.0,0.0,0.0,0.0,0.0,0.0,0,0
run 1,16,-0.04905851185321808,False,0.0,0.0,0.0,0.0,0.0,0.0,0.0,0.0,0.0,0.0,0.0,0,0
run 1,17,-0.024775372818112373,False,0.0,0.0,0.0,0.0,0.0,0.0,0.0,0.0,0.0,0.0,0.0,0,0
run 1,18,-0.00031251460313796997,False,0.0,0.0,0.0,0.0,0.0,0.0,0.0,0.0,0.0,0.0,0.0,0,0
run 1,19,0.005135129205882549,False,0.0,0.0,0.0,0.0,0.0,0.0,0.0,0.0,0.0,0.0,0.0,0,0
run 1,20,-0.0010840855538845062,False,0.0,0.0,0.0,0.0,0.0,0.0,0.0,0.0,0.0,0.0,0.0,0,0
run 1,21,-0.004432065412402153,False,0.0,0.0,0.0,0.0,0.0,0.0,0.0,0.0,0.0,0.0,0.0,0,0
run 1,22,-0.00890767015516758,False,0.0,0.0,0.0,0.0,0.0,0.0,0.0,0.0,0.0,0.0,0.0,0,0
run 1,23,-0.005712876096367836,False,0.0,0.0,0.0,0.0,0.0,0.0,0.0,0.0,0.0,0.0,0.0,0,0
run 1,24,0.01702532172203064,False,0.0,0.0,0.0,0.0,0.0,0.0,0.0,0.0,0.0,0.0,0.0,0,0
run 1,25,0.001567808911204338,False,0.0,0.0,0.0,0.0,0.0,0.0,0.0,0.0,0.0,0.0,0.0,0,0
run 1,26,0.01709572784602642,False,0.0,0.0,0.0,0.0,0.0,0.0,0.0,0.0,0.0,0.0,0.0,0,0
run 1,27,-0.008290035650134087,False,0.0,0.0,0.0,0.0,0.0,0.0,0.0,0.0,0.0,0.0,0.0,0,0
run 1,28,-0.028996441513299942,False,0.0,0.0,0.0,0.0,0.0,0.0,0.0,0.0,0.0,0.0,0.0,0,0
run 1,29,-0.016645172610878944,False,0.0,0.0,0.0,0.0,0.0,0.0,0.0,0.0,0.0,0.0,0.0,0,0
run 1,30,-0.013180118054151535,False,0.0,0.0,0.0,0.0,0.0,0.0,0.0,0.0,0.0,0.0,0.0,0,0
run 1,31,-0.02637939527630806,False,0.0,0.0,0.0,0.0,0.0,0.0,0.0,0.0,0.0,0.0,0.0,0,0
run 1,32,0.6410924792289734,False,0.0,0.0,0.0,0.0,0.0,0.0,0.0,0.0,0.0,0.0,0.0,0,0
run 1,33,0.6497853398323059,False,0.0,0.0,0.0,0.0,0.0,0.0,0.0,0.0,0.0,0.0,0.0,0,0
run 1,34,0.6406177282333374,False,0.0,0.0,0.0,0.0,0.0,0.0,0.0,0.0,0.0,0.0,0.0,0,0
run 1,35,0.6323665380477905,False,0.0,0.0,0.0,0.0,0.0,0.0,0.0,0.0,0.0,0.0,0.0,0,0
run 1,36,0.6280568242073059,False,0.0,0.0,0.0,0.0,0.0,0.0,0.0,0.0,0.0,0.0,0.0,0,0
run 1,37,0.6219757199287415,False,0.0,0.0,0.0,0.0,0.0,0.0,0.0,0.0,0.0,0.0,0.0,0,0
run 1,38,0.6129007935523987,False,0.0,0.0,0.0,0.0,0.0,0.0,0.0,0.0,0.0,0.0,0.0,0,0
run 1,39,0.6075586676597595,False,0.0,0.0,0.0,0.0,0.0,0.0,0.0,0.0,0.0,0.0,0.0,0,0
run 1,40,0.6240364909172058,False,0.0,0.0,0.0,0.0,0.0,0.0,0.0,0.0,0.0,0.0,0.0,0,0
run 1,41,0.6304877996444702,False,0.0,0.0,0.0,0.0,0.0,0.0,0.0,0.0,0.0,0.0,0.0,0,0
run 1,42,0.628301203250885,False,0.0,0.0,0.0,0.0,0.0,0.0,0.0,0.0,0.0,0.0,0.0,0,0
run 1,43,0.6249766945838928,False,0.0,0.0,0.0,0.0,0.0,0.0,0.0,0.0,0.0,0.0,0.0,0,0
run 1,44,0.6233232617378235,False,0.0,0.0,0.0,0.0,0.0,0.0,0.0,0.0,0.0,0.0,0.0,0,0
run 1,45,0.606970489025116,False,0.0,0.0,0.0,0.0,0.0,0.0,0.0,0.0,0.0,0.0,0.0,0,0
run 1,46,0.6234450340270996,False,0.0,0.0,0.0,0.0,0.0,0.0,0.0,0.0,0.0,0.0,0.0,0,0
run 1,47,0.63808673620224,False,0.0,0.0,0.0,0.0,0.0,0.0,0.0,0.0,0.0,0.0,0.0,0,0
run 1,48,0.6451849937438965,False,0.0,0.0,0.0,0.0,0.0,0.0,0.0,0.0,0.0,0.0,0.0,0,0
run 1,49,0.6356385946273804,False,0.0,0.0,0.0,0.0,0.0,0.0,0.0,0.0,0.0,0.0,0.0,0,0
run 1,50,0.6318016052246094,False,0.0,0.0,0.0,0.0,0.0,0.0,0.0,0.0,0.0,0.0,0.0,0,0
run 1,51,0.6293990612030029,False,0.0,0.0,0.0,0.0,0.0,0.0,0.0,0.0,0.0,0.0,0.0,0,0
run 1,52,0.5954859852790833,False,0.0,0.0,0.0,0.0,0.0,0.0,0.0,0.0,0.0,0.0,0.0,0,0
run 1,53,0.5908012986183167,False,0.0,0.0,0.0,0.0,0.0,0.0,0.0,0.0,0.0,0.0,0.0,0,0
run 1,54,0.6020110845565796,False,0.0,0.0,0.0,0.0,0.0,0.0,0.0,0.0,0.0,0.0,0.0,0,0
run 1,55,0.6039248704910278,False,0.0,0.0,0.0,0.0,0.0,0.0,0.0,0.0,0.0,0.0,0.0,0,0
run 1,56,0.5892277359962463,False,0.0,0.0,0.0,0.0,0.0,0.0,0.0,0.0,0.0,0.0,0.0,0,0
run 1,57,0.5822688937187195,False,0.0,0.0,0.0,0.0,0.0,0.0,0.0,0.0,0.0,0.0,0.0,0,0
run 1,58,0.5986957550048828,False,0.0,0.0,0.0,0.0,0.0,0.0,0.0,0.0,0.0,0.0,0.0,0,0
run 1,59,0.595492959022522,False,0.0,0.0,0.0,0.0,0.0,0.0,0.0,0.0,0.0,0.0,0.0,0,0
run 1,60,0.6029824614524841,False,0.0,0.0,0.0,0.0,0.0,0.0,0.0,0.0,0.0,0.0,0.0,0,0
run 1,61,0.6055155992507935,False,0.0,0.0,0.0,0.0,0.0,0.0,0.0,0.0,0.0,0.0,0.0,0,0
run 1,62,0.5861163139343262,False,0.0,0.0,0.0,0.0,0.0,0.0,0.0,0.0,0.0,0.0,0.0,0,0
run 1,63,0.589419424533844,False,0.0,0.0,0.0,0.0,0.0,0.0,0.0,0.0,0.0,0.0,0.0,0,0
run 1,64,0.5925766825675964,False,0.0,0.0,0.0,0.0,0.0,0.0,0.0,0.0,0.0,0.0,0.0,0,0
run 1,65,0.59981369972229,False,0.0,0.0,0.0,0.0,0.0,0.0,0.0,0.0,0.0,0.0,0.0,0,0
run 1,66,0.6063796281814575,False,0.0,0.0,0.0,0.0,0.0,0.0,0.0,0.0,0.0,0.0,0.0,0,0
run 1,67,0.6019949913024902,False,0.0,0.0,0.0,0.0,0.0,0.0,0.0,0.0,0.0,0.0,0.0,0,0
run 1,68,0.5967195630073547,False,0.0,0.0,0.0,0.0,0.0,0.0,0.0,0.0,0.0,0.0,0.0,0,0
run 1,69,0.590420126914978,False,0.0,0.0,0.0,0.0,0.0,0.0,0.0,0.0,0.0,0.0,0.0,0,0
run 1,70,0.5784525871276855,False,0.0,0.0,0.0,0.0,0.0,0.0,0.0,0.0,0.0,0.0,0.0,0,0
run 1,71,0.5947085618972778,False,0.0,0.0,0.0,0.0,0.0,0.0,0.0,0.0,0.0,0.0,0.0,0,0
run 1,72,0.5921927094459534,False,0.0,0.0,0.0,0.0,0.0,0.0,0.0,0.0,0.0,0.0,0.0,0,0
run 1,73,0.5991114377975464,False,0.0,0.0,0.0,0.0,0.0,0.0,0.0,0.0,0.0,0.0,0.0,0,0
run 1,74,0.5937461256980896,False,0.0,0.0,0.0,0.0,0.0,0.0,0.0,0.0,0.0,0.0,0.0,0,0
run 1,75,0.6032146215438843,False,0.0,0.0,0.0,0.0,0.0,0.0,0.0,0.0,0.0,0.0,0.0,0,0
run 1,76,0.5843937397003174,False,0.0,0.0,0.0,0.0,0.0,0.0,0.0,0.0,0.0,0.0,0.0,0,0
run 1,77,0.5843948125839233,False,0.0,0.0,0.0,0.0,0.0,0.0,0.0,0.0,0.0,0.0,0.0,0,0
run 1,78,0.5700815320014954,False,0.0,0.0,0.0,0.0,0.0,0.0,0.0,0.0,0.0,0.0,0.0,0,0
run 1,79,0.5918233394622803,False,0.0,0.0,0.0,0.0,0.0,0.0,0.0,0.0,0.0,0.0,0.0,0,0
run 1,80,0.5966490507125854,False,0.0,0.0,0.0,0.0,0.0,0.0,0.0,0.0,0.0,0.0,0.0,0,0
run 1,81,0.6099288463592529,False,0.0,0.0,0.0,0.0,0.0,0.0,0.0,0.0,0.0,0.0,0.0,0,0
run 1,82,0.5777438282966614,False,0.0,0.0,0.0,0.0,0.0,0.0,0.0,0.0,0.0,0.0,0.0,0,0
run 1,83,0.5861701965332031,False,0.0,0.0,0.0,0.0,0.0,0.0,0.0,0.0,0.0,0.0,0.0,0,0
run 1,84,0.5904548168182373,False,0.0,0.0,0.0,0.0,0.0,0.0,0.0,0.0,0.0,0.0,0.0,0,0
run 1,85,0.593365490436554,False,0.0,0.0,0.0,0.0,0.0,0.0,0.0,0.0,0.0,0.0,0.0,0,0
run 1,86,0.6002014875411987,False,0.0,0.0,0.0,0.0,0.0,0.0,0.0,0.0,0.0,0.0,0.0,0,0
run 1,87,0.6017778515815735,False,0.0,0.0,0.0,0.0,0.0,0.0,0.0,0.0,0.0,0.0,0.0,0,0
run 1,88,0.6004046201705933,False,0.0,0.0,0.0,0.0,0.0,0.0,0.0,0.0,0.0,0.0,0.0,0,0
run 1,89,0.599021852016449,False,0.0,0.0,0.0,0.0,0.0,0.0,0.0,0.0,0.0,0.0,0.0,0,0
run 1,90,0.5964475870132446,False,0.0,0.0,0.0,0.0,0.0,0.0,0.0,0.0,0.0,0.0,0.0,0,0
run 1,91,0.5854415893554688,False,0.0,0.0,0.0,0.0,0.0,0.0,0.0,0.0,0.0,0.0,0.0,0,0
run 1,92,0.5998112559318542,False,0.0,0.0,0.0,0.0,0.0,0.0,0.0,0.0,0.0,0.0,0.0,0,0
run 1,93,0.567937970161438,False,0.0,0.0,0.0,0.0,0.0,0.0,0.0,0.0,0.0,0.0,0.0,0,0
run 1,94,0.5572304129600525,False,0.0,0.0,0.0,0.0,0.0,0.0,0.0,0.0,0.0,0.0,0.0,0,0
run 1,95,0.593390703201294,False,0.0,0.0,0.0,0.0,0.0,0.0,0.0,0.0,0.0,0.0,0.0,0,0
run 1,96,0.605474054813385,False,0.0,0.0,0.0,0.0,0.0,0.0,0.0,0.0,0.0,0.0,0.0,0,0
run 1,97,0.5875754356384277,False,0.0,0.0,0.0,0.0,0.0,0.0,0.0,0.0,0.0,0.0,0.0,0,0
run 1,98,0.6044585704803467,False,0.0,0.0,0.0,0.0,0.0,0.0,0.0,0.0,0.0,0.0,0.0,0,0
run 1,99,0.605170488357544,False,0.0,0.0,0.0,0.0,0.0,0.0,0.0,0.0,0.0,0.0,0.0,0,0
run 1,100,0.6115403771400452,False,0.9496051669120789,10.349997520446777,9.33687686920166,0.9506338834762573,-0.0003563376667443663,-0.0386979803442955,0.0,-0.0011344049125909805,-0.8382238149642944,0.045642729848623276,0.14320696890354156,1,0
run 1,101,-0.04295890033245087,False,0.9496051669120789,10.349997520446777,9.33687686920166,0.9506338834762573,-0.0003563376667443663,-0.0386979803442955,0.0,-0.0011344049125909805,-0.8382238149642944,0.045642729848623276,0.14320696890354156,1,0
run 1,102,-0.05906212329864502,False,0.9496051669120789,10.349997520446777,9.33687686920166,0.9506338834762573,-0.0003563376667443663,-0.0386979803442955,0.0,-0.0011344049125909805,-0.8382238149642944,0.045642729848623276,0.14320696890354156,1,0
run 1,103,-0.021760178729891777,False,0.9496051669120789,10.349997520446777,9.33687686920166,0.9506338834762573,-0.0003563376667443663,-0.0386979803442955,0.0,-0.0011344049125909805,-0.8382238149642944,0.045642729848623276,0.14320696890354156,1,0
run 1,104,0.005445553455501795,False,0.9496051669120789,10.349997520446777,9.33687686920166,0.9506338834762573,-0.0003563376667443663,-0.0386979803442955,0.0,-0.0011344049125909805,-0.8382238149642944,0.045642729848623276,0.14320696890354156,1,0
run 1,105,0.01454697921872139,False,0.9496051669120789,10.349997520446777,9.33687686920166,0.9506338834762573,-0.0003563376667443663,-0.0386979803442955,0.0,-0.0011344049125909805,-0.8382238149642944,0.045642729848623276,0.14320696890354156,1,0
run 1,106,-0.000895526260137558,False,0.9496051669120789,10.349997520446777,9.33687686920166,0.9506338834762573,-0.0003563376667443663,-0.0386979803442955,0.0,-0.0011344049125909805,-0.8382238149642944,0.045642729848623276,0.14320696890354156,1,0
run 1,107,-0.03551805764436722,False,0.9496051669120789,10.349997520446777,9.33687686920166,0.9506338834762573,-0.0003563376667443663,-0.0386979803442955,0.0,-0.0011344049125909805,-0.8382238149642944,0.045642729848623276,0.14320696890354156,1,0
run 1,108,-0.041892021894454956,False,0.9496051669120789,10.349997520446777,9.33687686920166,0.9506338834762573,-0.0003563376667443663,-0.0386979803442955,0.0,-0.0011344049125909805,-0.8382238149642944,0.045642729848623276,0.14320696890354156,1,0
run 1,109,-0.027365291491150856,False,0.9496051669120789,10.349997520446777,9.33687686920166,0.9506338834762573,-0.0003563376667443663,-0.0386979803442955,0.0,-0.0011344049125909805,-0.8382238149642944,0.045642729848623276,0.14320696890354156,1,0
run 1,110,-0.009383536875247955,False,0.9496051669120789,10.349997520446777,9.33687686920166,0.9506338834762573,-0.0003563376667443663,-0.0386979803442955,0.0,-0.0011344049125909805,-0.8382238149642944,0.045642729848623276,0.14320696890354156,1,0
run 1,111,-0.009990531951189041,False,0.9496051669120789,10.349997520446777,9.33687686920166,0.9506338834762573,-0.0003563376667443663,-0.0386979803442955,0.0,-0.0011344049125909805,-0.8382238149642944,0.045642729848623276,0.14320696890354156,1,0
run 1,112,0.6077532768249512,False,0.9496051669120789,10.349997520446777,9.33687686920166,0.9506338834762573,-0.0003563376667443663,-0.0386979803442955,0.0,-0.0011344049125909805,-0.8382238149642944,0.045642729848623276,0.14320696890354156,1,0
run 1,113,0.6074439287185669,False,0.9496051669120789,10.349997520446777,9.33687686920166,0.9506338834762573,-0.0003563376667443663,-0.0386979803442955,0.0,-0.0011344049125909805,-0.8382238149642944,0.045642729848623276,0.14320696890354156,1,0
run 1,114,0.5963771939277649,False,0.9496051669120789,10.349997520446777,9.33687686920166,0.9506338834762573,-0.0003563376667443663,-0.0386979803442955,0.0,-0.0011344049125909805,-0.8382238149642944,0.045642729848623276,0.14320696890354156,1,0
run 1,115,0.6126468777656555,False,0.9496051669120789,10.349997520446777,9.33687686920166,0.9506338834762573,-0.0003563376667443663,-0.0386979803442955,0.0,-0.0011344049125909805,-0.8382238149642944,0.045642729848623276,0.14320696890354156,1,0
run 1,116,0.6112529635429382,False,0.9496051669120789,10.349997520446777,9.33687686920166,0.9506338834762573,-0.0003563376667443663,-0.0386979803442955,0.0,-0.0011344049125909805,-0.8382238149642944,0.045642729848623276,0.14320696890354156,1,0
run 1,117,0.604057788848877,False,0.9496051669120789,10.349997520446777,9.33687686920166,0.9506338834762573,-0.0003563376667443663,-0.0386979803442955,0.0,-0.0011344049125909805,-0.8382238149642944,0.045642729848623276,0.14320696890354156,1,0
run 1,118,0.5968567728996277,False,0.9496051669120789,10.349997520446777,9.33687686920166,0.9506338834762573,-0.0003563376667443663,-0.0386979803442955,0.0,-0.0011344049125909805,-0.8382238149642944,0.045642729848623276,0.14320696890354156,1,0
run 1,119,0.6093447208404541,False,0.9496051669120789,10.349997520446777,9.33687686920166,0.9506338834762573,-0.0003563376667443663,-0.0386979803442955,0.0,-0.0011344049125909805,-0.8382238149642944,0.045642729848623276,0.14320696890354156,1,0
run 1,120,0.6274690628051758,False,0.9496051669120789,10.349997520446777,9.33687686920166,0.9506338834762573,-0.0003563376667443663,-0.0386979803442955,0.0,-0.0011344049125909805,-0.8382238149642944,0.045642729848623276,0.14320696890354156,1,0
run 1,121,0.6126442551612854,False,0.9496051669120789,10.349997520446777,9.33687686920166,0.9506338834762573,-0.0003563376667443663,-0.0386979803442955,0.0,-0.0011344049125909805,-0.8382238149642944,0.045642729848623276,0.14320696890354156,1,0
run 1,122,0.6244728565216064,False,0.9496051669120789,10.349997520446777,9.33687686920166,0.9506338834762573,-0.0003563376667443663,-0.0386979803442955,0.0,-0.0011344049125909805,-0.8382238149642944,0.045642729848623276,0.14320696890354156,1,0
run 1,123,0.6100475788116455,False,0.9496051669120789,10.349997520446777,9.33687686920166,0.9506338834762573,-0.0003563376667443663,-0.0386979803442955,0.0,-0.0011344049125909805,-0.8382238149642944,0.045642729848623276,0.14320696890354156,1,0
run 1,124,0.6151479482650757,False,0.9496051669120789,10.349997520446777,9.33687686920166,0.9506338834762573,-0.0003563376667443663,-0.0386979803442955,0.0,-0.0011344049125909805,-0.8382238149642944,0.045642729848623276,0.14320696890354156,1,0
run 1,125,0.6158615350723267,False,0.9496051669120789,10.349997520446777,9.33687686920166,0.9506338834762573,-0.0003563376667443663,-0.0386979803442955,0.0,-0.0011344049125909805,-0.8382238149642944,0.045642729848623276,0.14320696890354156,1,0
run 1,126,0.6185125708580017,False,0.9496051669120789,10.349997520446777,9.33687686920166,0.9506338834762573,-0.0003563376667443663,-0.0386979803442955,0.0,-0.0011344049125909805,-0.8382238149642944,0.045642729848623276,0.14320696890354156,1,0
run 1,127,0.6027237176895142,False,0.9496051669120789,10.349997520446777,9.33687686920166,0.9506338834762573,-0.0003563376667443663,-0.0386979803442955,0.0,-0.0011344049125909805,-0.8382238149642944,0.045642729848623276,0.14320696890354156,1,0
run 1,128,0.6053127646446228,False,0.9496051669120789,10.349997520446777,9.33687686920166,0.9506338834762573,-0.0003563376667443663,-0.0386979803442955,0.0,-0.0011344049125909805,-0.8382238149642944,0.045642729848623276,0.14320696890354156,1,0
run 1,129,0.5980937480926514,False,0.9496051669120789,10.349997520446777,9.33687686920166,0.9506338834762573,-0.0003563376667443663,-0.0386979803442955,0.0,-0.0011344049125909805,-0.8382238149642944,0.045642729848623276,0.14320696890354156,1,0
run 1,130,0.599716305732727,False,0.9496051669120789,10.349997520446777,9.33687686920166,0.9506338834762573,-0.0003563376667443663,-0.0386979803442955,0.0,-0.0011344049125909805,-0.8382238149642944,0.045642729848623276,0.14320696890354156,1,0
run 1,131,0.6151917576789856,False,0.9496051669120789,10.349997520446777,9.33687686920166,0.9506338834762573,-0.0003563376667443663,-0.0386979803442955,0.0,-0.0011344049125909805,-0.8382238149642944,0.045642729848623276,0.14320696890354156,1,0
run 1,132,0.626710057258606,False,0.9496051669120789,10.349997520446777,9.33687686920166,0.9506338834762573,-0.0003563376667443663,-0.0386979803442955,0.0,-0.0011344049125909805,-0.8382238149642944,0.045642729848623276,0.14320696890354156,1,0
run 1,133,0.6062337160110474,False,0.9496051669120789,10.349997520446777,9.33687686920166,0.9506338834762573,-0.0003563376667443663,-0.0386979803442955,0.0,-0.0011344049125909805,-0.8382238149642944,0.045642729848623276,0.14320696890354156,1,0
run 1,134,0.6116110682487488,False,0.9496051669120789,10.349997520446777,9.33687686920166,0.9506338834762573,-0.0003563376667443663,-0.0386979803442955,0.0,-0.0011344049125909805,-0.8382238149642944,0.045642729848623276,0.14320696890354156,1,0
run 1,135,0.6226673126220703,False,0.9496051669120789,10.349997520446777,9.33687686920166,0.9506338834762573,-0.0003563376667443663,-0.0386979803442955,0.0,-0.0011344049125909805,-0.8382238149642944,0.045642729848623276,0.14320696890354156,1,0
run 1,136,0.6321689486503601,False,0.9496051669120789,10.349997520446777,9.33687686920166,0.9506338834762573,-0.0003563376667443663,-0.0386979803442955,0.0,-0.0011344049125909805,-0.8382238149642944,0.045642729848623276,0.14320696890354156,1,0
run 1,137,0.5928263664245605,False,0.9496051669120789,10.349997520446777,9.33687686920166,0.9506338834762573,-0.0003563376667443663,-0.0386979803442955,0.0,-0.0011344049125909805,-0.8382238149642944,0.045642729848623276,0.14320696890354156,1,0
run 1,138,0.6099311709403992,False,0.9496051669120789,10.349997520446777,9.33687686920166,0.9506338834762573,-0.0003563376667443663,-0.0386979803442955,0.0,-0.0011344049125909805,-0.8382238149642944,0.045642729848623276,0.14320696890354156,1,0
run 1,139,0.5900995135307312,False,0.9496051669120789,10.349997520446777,9.33687686920166,0.9506338834762573,-0.0003563376667443663,-0.0386979803442955,0.0,-0.0011344049125909805,-0.8382238149642944,0.045642729848623276,0.14320696890354156,1,0
run 1,140,0.6173868179321289,False,0.9496051669120789,10.349997520446777,9.33687686920166,0.9506338834762573,-0.0003563376667443663,-0.0386979803442955,0.0,-0.0011344049125909805,-0.8382238149642944,0.045642729848623276,0.14320696890354156,1,0
run 1,141,0.6244193911552429,False,0.9496051669120789,10.349997520446777,9.33687686920166,0.9506338834762573,-0.0003563376667443663,-0.0386979803442955,0.0,-0.0011344049125909805,-0.8382238149642944,0.045642729848623276,0.14320696890354156,1,0
run 1,142,0.6180530786514282,False,0.9496051669120789,10.349997520446777,9.33687686920166,0.9506338834762573,-0.0003563376667443663,-0.0386979803442955,0.0,-0.0011344049125909805,-0.8382238149642944,0.045642729848623276,0.14320696890354156,1,0
run 1,143,0.6129628419876099,False,0.9496051669120789,10.349997520446777,9.33687686920166,0.9506338834762573,-0.0003563376667443663,-0.0386979803442955,0.0,-0.0011344049125909805,-0.8382238149642944,0.045642729848623276,0.14320696890354156,1,0
run 1,144,0.5995412468910217,False,0.9496051669120789,10.349997520446777,9.33687686920166,0.9506338834762573,-0.0003563376667443663,-0.0386979803442955,0.0,-0.0011344049125909805,-0.8382238149642944,0.045642729848623276,0.14320696890354156,1,0
run 1,145,0.618079662322998,False,0.9496051669120789,10.349997520446777,9.33687686920166,0.9506338834762573,-0.0003563376667443663,-0.0386979803442955,0.0,-0.0011344049125909805,-0.8382238149642944,0.045642729848623276,0.14320696890354156,1,0
run 1,146,0.6245166659355164,False,0.9496051669120789,10.349997520446777,9.33687686920166,0.9506338834762573,-0.0003563376667443663,-0.0386979803442955,0.0,-0.0011344049125909805,-0.8382238149642944,0.045642729848623276,0.14320696890354156,1,0
run 1,147,0.6089341044425964,False,0.9496051669120789,10.349997520446777,9.33687686920166,0.9506338834762573,-0.0003563376667443663,-0.0386979803442955,0.0,-0.0011344049125909805,-0.8382238149642944,0.045642729848623276,0.14320696890354156,1,0
run 1,148,0.6069180965423584,False,0.9496051669120789,10.349997520446777,9.33687686920166,0.9506338834762573,-0.0003563376667443663,-0.0386979803442955,0.0,-0.0011344049125909805,-0.8382238149642944,0.045642729848623276,0.14320696890354156,1,0
run 1,149,0.6085708141326904,False,0.9496051669120789,10.349997520446777,9.33687686920166,0.9506338834762573,-0.0003563376667443663,-0.0386979803442955,0.0,-0.0011344049125909805,-0.8382238149642944,0.045642729848623276,0.14320696890354156,1,0
run 1,150,0.6054196357727051,False,0.9496051669120789,10.349997520446777,9.33687686920166,0.9506338834762573,-0.0003563376667443663,-0.0386979803442955,0.0,-0.0011344049125909805,-0.8382238149642944,0.045642729848623276,0.14320696890354156,1,0
run 1,151,0.6314247846603394,False,0.9496051669120789,10.349997520446777,9.33687686920166,0.9506338834762573,-0.0003563376667443663,-0.0386979803442955,0.0,-0.0011344049125909805,-0.8382238149642944,0.045642729848623276,0.14320696890354156,1,0
run 1,152,0.6477296352386475,False,0.9496051669120789,10.349997520446777,9.33687686920166,0.9506338834762573,-0.0003563376667443663,-0.0386979803442955,0.0,-0.0011344049125909805,-0.8382238149642944,0.045642729848623276,0.14320696890354156,1,0
run 1,153,0.613755464553833,False,0.9496051669120789,10.349997520446777,9.33687686920166,0.9506338834762573,-0.0003563376667443663,-0.0386979803442955,0.0,-0.0011344049125909805,-0.8382238149642944,0.045642729848623276,0.14320696890354156,1,0
run 1,154,0.6003916263580322,False,0.9496051669120789,10.349997520446777,9.33687686920166,0.9506338834762573,-0.0003563376667443663,-0.0386979803442955,0.0,-0.0011344049125909805,-0.8382238149642944,0.045642729848623276,0.14320696890354156,1,0
run 1,155,0.6359606981277466,False,0.9496051669120789,10.349997520446777,9.33687686920166,0.9506338834762573,-0.0003563376667443663,-0.0386979803442955,0.0,-0.0011344049125909805,-0.8382238149642944,0.045642729848623276,0.14320696890354156,1,0
run 1,156,0.63539057970047,False,0.9496051669120789,10.349997520446777,9.33687686920166,0.9506338834762573,-0.0003563376667443663,-0.0386979803442955,0.0,-0.0011344049125909805,-0.8382238149642944,0.045642729848623276,0.14320696890354156,1,0
run 1,157,0.6041950583457947,False,0.9496051669120789,10.349997520446777,9.33687686920166,0.9506338834762573,-0.0003563376667443663,-0.0386979803442955,0.0,-0.0011344049125909805,-0.8382238149642944,0.045642729848623276,0.14320696890354156,1,0
run 1,158,0.6115725636482239,False,0.9496051669120789,10.349997520446777,9.33687686920166,0.9506338834762573,-0.0003563376667443663,-0.0386979803442955,0.0,-0.0011344049125909805,-0.8382238149642944,0.045642729848623276,0.14320696890354156,1,0
run 1,159,0.6099259257316589,False,0.9496051669120789,10.349997520446777,9.33687686920166,0.9506338834762573,-0.0003563376667443663,-0.0386979803442955,0.0,-0.0011344049125909805,-0.8382238149642944,0.045642729848623276,0.14320696890354156,1,0
run 1,160,0.6232795715332031,False,0.9496051669120789,10.349997520446777,9.33687686920166,0.9506338834762573,-0.0003563376667443663,-0.0386979803442955,0.0,-0.0011344049125909805,-0.8382238149642944,0.045642729848623276,0.14320696890354156,1,0
run 1,161,0.6251290440559387,False,0.9496051669120789,10.349997520446777,9.33687686920166,0.9506338834762573,-0.0003563376667443663,-0.0386979803442955,0.0,-0.0011344049125909805,-0.8382238149642944,0.045642729848623276,0.14320696890354156,1,0
run 1,162,0.5953701734542847,False,0.9496051669120789,10.349997520446777,9.33687686920166,0.9506338834762573,-0.0003563376667443663,-0.0386979803442955,0.0,-0.0011344049125909805,-0.8382238149642944,0.045642729848623276,0.14320696890354156,1,0
run 1,163,0.618109941482544,False,0.9496051669120789,10.349997520446777,9.33687686920166,0.9506338834762573,-0.0003563376667443663,-0.0386979803442955,0.0,-0.0011344049125909805,-0.8382238149642944,0.045642729848623276,0.14320696890354156,1,0
run 1,164,0.615426778793335,False,0.9496051669120789,10.349997520446777,9.33687686920166,0.9506338834762573,-0.0003563376667443663,-0.0386979803442955,0.0,-0.0011344049125909805,-0.8382238149642944,0.045642729848623276,0.14320696890354156,1,0
run 1,165,0.61932772397995,False,0.9496051669120789,10.349997520446777,9.33687686920166,0.9506338834762573,-0.0003563376667443663,-0.0386979803442955,0.0,-0.0011344049125909805,-0.8382238149642944,0.045642729848623276,0.14320696890354156,1,0
run 1,166,0.6204690337181091,False,0.9496051669120789,10.349997520446777,9.33687686920166,0.9506338834762573,-0.0003563376667443663,-0.0386979803442955,0.0,-0.0011344049125909805,-0.8382238149642944,0.045642729848623276,0.14320696890354156,1,0
run 1,167,0.6156584620475769,False,0.9496051669120789,10.349997520446777,9.33687686920166,0.9506338834762573,-0.0003563376667443663,-0.0386979803442955,0.0,-0.0011344049125909805,-0.8382238149642944,0.045642729848623276,0.14320696890354156,1,0
run 1,168,0.6076692938804626,False,0.9496051669120789,10.349997520446777,9.33687686920166,0.9506338834762573,-0.0003563376667443663,-0.0386979803442955,0.0,-0.0011344049125909805,-0.8382238149642944,0.045642729848623276,0.14320696890354156,1,0
run 1,169,0.6141728758811951,False,0.9496051669120789,10.349997520446777,9.33687686920166,0.9506338834762573,-0.0003563376667443663,-0.0386979803442955,0.0,-0.0011344049125909805,-0.8382238149642944,0.045642729848623276,0.14320696890354156,1,0
run 1,170,0.6172405481338501,False,0.9496051669120789,10.349997520446777,9.33687686920166,0.9506338834762573,-0.0003563376667443663,-0.0386979803442955,0.0,-0.0011344049125909805,-0.8382238149642944,0.045642729848623276,0.14320696890354156,1,0
run 1,171,0.5941229462623596,False,0.9496051669120789,10.349997520446777,9.33687686920166,0.9506338834762573,-0.0003563376667443663,-0.0386979803442955,0.0,-0.0011344049125909805,-0.8382238149642944,0.045642729848623276,0.14320696890354156,1,0
run 1,172,0.6219968199729919,False,0.9496051669120789,10.349997520446777,9.33687686920166,0.9506338834762573,-0.0003563376667443663,-0.0386979803442955,0.0,-0.0011344049125909805,-0.8382238149642944,0.045642729848623276,0.14320696890354156,1,0
run 1,173,0.6274459362030029,False,0.9496051669120789,10.349997520446777,9.33687686920166,0.9506338834762573,-0.0003563376667443663,-0.0386979803442955,0.0,-0.0011344049125909805,-0.8382238149642944,0.045642729848623276,0.14320696890354156,1,0
run 1,174,0.6126619577407837,False,0.9496051669120789,10.349997520446777,9.33687686920166,0.9506338834762573,-0.0003563376667443663,-0.0386979803442955,0.0,-0.0011344049125909805,-0.8382238149642944,0.045642729848623276,0.14320696890354156,1,0
run 1,175,0.6142286062240601,False,0.9496051669120789,10.349997520446777,9.33687686920166,0.9506338834762573,-0.0003563376667443663,-0.0386979803442955,0.0,-0.0011344049125909805,-0.8382238149642944,0.045642729848623276,0.14320696890354156,1,0
run 1,176,0.6332026124000549,False,0.9496051669120789,10.349997520446777,9.33687686920166,0.9506338834762573,-0.0003563376667443663,-0.0386979803442955,0.0,-0.0011344049125909805,-0.8382238149642944,0.045642729848623276,0.14320696890354156,1,0
run 1,177,0.6441624164581299,False,0.9496051669120789,10.349997520446777,9.33687686920166,0.9506338834762573,-0.0003563376667443663,-0.0386979803442955,0.0,-0.0011344049125909805,-0.8382238149642944,0.045642729848623276,0.14320696890354156,1,0
run 1,178,0.6082769632339478,False,0.9496051669120789,10.349997520446777,9.33687686920166,0.9506338834762573,-0.0003563376667443663,-0.0386979803442955,0.0,-0.0011344049125909805,-0.8382238149642944,0.045642729848623276,0.14320696890354156,1,0
run 1,179,0.6245335340499878,False,0.9496051669120789,10.349997520446777,9.33687686920166,0.9506338834762573,-0.0003563376667443663,-0.0386979803442955,0.0,-0.0011344049125909805,-0.8382238149642944,0.045642729848623276,0.14320696890354156,1,0
run 1,180,0.6355358958244324,False,0.9496051669120789,10.349997520446777,9.33687686920166,0.9506338834762573,-0.0003563376667443663,-0.0386979803442955,0.0,-0.0011344049125909805,-0.8382238149642944,0.045642729848623276,0.14320696890354156,1,0
run 1,181,0.6371704936027527,False,0.9496051669120789,10.349997520446777,9.33687686920166,0.9506338834762573,-0.0003563376667443663,-0.0386979803442955,0.0,-0.0011344049125909805,-0.8382238149642944,0.045642729848623276,0.14320696890354156,1,0
run 1,182,0.6530760526657104,False,0.9496051669120789,10.349997520446777,9.33687686920166,0.9506338834762573,-0.0003563376667443663,-0.0386979803442955,0.0,-0.0011344049125909805,-0.8382238149642944,0.045642729848623276,0.14320696890354156,1,0
run 1,183,0.6353787183761597,False,0.9496051669120789,10.349997520446777,9.33687686920166,0.9506338834762573,-0.0003563376667443663,-0.0386979803442955,0.0,-0.0011344049125909805,-0.8382238149642944,0.045642729848623276,0.14320696890354156,1,0
run 1,184,0.6467154622077942,False,0.9496051669120789,10.349997520446777,9.33687686920166,0.9506338834762573,-0.0003563376667443663,-0.0386979803442955,0.0,-0.0011344049125909805,-0.8382238149642944,0.045642729848623276,0.14320696890354156,1,0
run 1,185,0.6327729821205139,False,0.9496051669120789,10.349997520446777,9.33687686920166,0.9506338834762573,-0.0003563376667443663,-0.0386979803442955,0.0,-0.0011344049125909805,-0.8382238149642944,0.045642729848623276,0.14320696890354156,1,0
run 1,186,0.6309380531311035,False,0.9496051669120789,10.349997520446777,9.33687686920166,0.9506338834762573,-0.0003563376667443663,-0.0386979803442955,0.0,-0.0011344049125909805,-0.8382238149642944,0.045642729848623276,0.14320696890354156,1,0
run 1,187,0.6163055300712585,False,0.9496051669120789,10.349997520446777,9.33687686920166,0.9506338834762573,-0.0003563376667443663,-0.0386979803442955,0.0,-0.0011344049125909805,-0.8382238149642944,0.045642729848623276,0.14320696890354156,1,0
run 1,188,0.6270571947097778,False,0.9496051669120789,10.349997520446777,9.33687686920166,0.9506338834762573,-0.0003563376667443663,-0.0386979803442955,0.0,-0.0011344049125909805,-0.8382238149642944,0.045642729848623276,0.14320696890354156,1,0
run 1,189,0.6182615756988525,False,0.9496051669120789,10.349997520446777,9.33687686920166,0.9506338834762573,-0.0003563376667443663,-0.0386979803442955,0.0,-0.0011344049125909805,-0.8382238149642944,0.045642729848623276,0.14320696890354156,1,0
run 1,190,0.6263474822044373,False,0.9496051669120789,10.349997520446777,9.33687686920166,0.9506338834762573,-0.0003563376667443663,-0.0386979803442955,0.0,-0.0011344049125909805,-0.8382238149642944,0.045642729848623276,0.14320696890354156,1,0
run 1,191,0.6323687434196472,False,0.9496051669120789,10.349997520446777,9.33687686920166,0.9506338834762573,-0.0003563376667443663,-0.0386979803442955,0.0,-0.0011344049125909805,-0.8382238149642944,0.045642729848623276,0.14320696890354156,1,0
run 1,192,0.6192231178283691,False,0.9496051669120789,10.349997520446777,9.33687686920166,0.9506338834762573,-0.0003563376667443663,-0.0386979803442955,0.0,-0.0011344049125909805,-0.8382238149642944,0.045642729848623276,0.14320696890354156,1,0
run 1,193,0.62823486328125,False,0.9496051669120789,10.349997520446777,9.33687686920166,0.9506338834762573,-0.0003563376667443663,-0.0386979803442955,0.0,-0.0011344049125909805,-0.8382238149642944,0.045642729848623276,0.14320696890354156,1,0
run 1,194,0.5950828790664673,False,0.9496051669120789,10.349997520446777,9.33687686920166,0.9506338834762573,-0.0003563376667443663,-0.0386979803442955,0.0,-0.0011344049125909805,-0.8382238149642944,0.045642729848623276,0.14320696890354156,1,0
run 1,195,0.610114574432373,False,0.9496051669120789,10.349997520446777,9.33687686920166,0.9506338834762573,-0.0003563376667443663,-0.0386979803442955,0.0,-0.0011344049125909805,-0.8382238149642944,0.045642729848623276,0.14320696890354156,1,0
run 1,196,0.6367754936218262,False,0.9496051669120789,10.349997520446777,9.33687686920166,0.9506338834762573,-0.0003563376667443663,-0.0386979803442955,0.0,-0.0011344049125909805,-0.8382238149642944,0.045642729848623276,0.14320696890354156,1,0
run 1,197,0.6392432451248169,False,0.9496051669120789,10.349997520446777,9.33687686920166,0.9506338834762573,-0.0003563376667443663,-0.0386979803442955,0.0,-0.0011344049125909805,-0.8382238149642944,0.045642729848623276,0.14320696890354156,1,0
run 1,198,0.6407027840614319,False,0.9496051669120789,10.349997520446777,9.33687686920166,0.9506338834762573,-0.0003563376667443663,-0.0386979803442955,0.0,-0.0011344049125909805,-0.8382238149642944,0.045642729848623276,0.14320696890354156,1,0
run 1,199,0.645598292350769,False,0.9496051669120789,10.349997520446777,9.33687686920166,0.9506338834762573,-0.0003563376667443663,-0.0386979803442955,0.0,-0.0011344049125909805,-0.8382238149642944,0.045642729848623276,0.14320696890354156,1,0
run 1,200,0.6402720212936401,False,0.9237685799598694,13.349989891052246,12.45519733428955,1.6227384805679321,-0.00037495256401598454,-0.049012742936611176,0.0,-0.0013842086773365736,-0.9063576459884644,0.03155553340911865,0.173749178647995,1,0
run 1,201,-0.03105197288095951,False,0.9237685799598694,13.349989891052246,12.45519733428955,1.6227384805679321,-0.00037495256401598454,-0.049012742936611176,0.0,-0.0013842086773365736,-0.9063576459884644,0.03155553340911865,0.173749178647995,1,0
run 1,202,-0.020738711580634117,False,0.9237685799598694,13.349989891052246,12.45519733428955,1.6227384805679321,-0.00037495256401598454,-0.049012742936611176,0.0,-0.0013842086773365736,-0.9063576459884644,0.03155553340911865,0.173749178647995,1,0
run 1,203,-0.02258550003170967,False,0.9237685799598694,13.349989891052246,12.45519733428955,1.6227384805679321,-0.00037495256401598454,-0.049012742936611176,0.0,-0.0013842086773365736,-0.9063576459884644,0.03155553340911865,0.173749178647995,1,0
run 1,204,-0.008272859267890453,False,0.9237685799598694,13.349989891052246,12.45519733428955,1.6227384805679321,-0.00037495256401598454,-0.049012742936611176,0.0,-0.0013842086773365736,-0.9063576459884644,0.03155553340911865,0.173749178647995,1,0
run 1,205,-0.007487799972295761,False,0.9237685799598694,13.349989891052246,12.45519733428955,1.6227384805679321,-0.00037495256401598454,-0.049012742936611176,0.0,-0.0013842086773365736,-0.9063576459884644,0.03155553340911865,0.173749178647995,1,0
run 1,206,-0.014719724655151367,False,0.9237685799598694,13.349989891052246,12.45519733428955,1.6227384805679321,-0.00037495256401598454,-0.049012742936611176,0.0,-0.0013842086773365736,-0.9063576459884644,0.03155553340911865,0.173749178647995,1,0
run 1,207,-0.027223408222198486,False,0.9237685799598694,13.349989891052246,12.45519733428955,1.6227384805679321,-0.00037495256401598454,-0.049012742936611176,0.0,-0.0013842086773365736,-0.9063576459884644,0.03155553340911865,0.173749178647995,1,0
run 1,208,-0.02473139762878418,False,0.9237685799598694,13.349989891052246,12.45519733428955,1.6227384805679321,-0.00037495256401598454,-0.049012742936611176,0.0,-0.0013842086773365736,-0.9063576459884644,0.03155553340911865,0.173749178647995,1,0
run 1,209,-0.007967527955770493,False,0.9237685799598694,13.349989891052246,12.45519733428955,1.6227384805679321,-0.00037495256401598454,-0.049012742936611176,0.0,-0.0013842086773365736,-0.9063576459884644,0.03155553340911865,0.173749178647995,1,0
run 1,210,0.01431410014629364,False,0.9237685799598694,13.349989891052246,12.45519733428955,1.6227384805679321,-0.00037495256401598454,-0.049012742936611176,0.0,-0.0013842086773365736,-0.9063576459884644,0.03155553340911865,0.173749178647995,1,0
run 1,211,-0.011092860251665115,False,0.9237685799598694,13.349989891052246,12.45519733428955,1.6227384805679321,-0.00037495256401598454,-0.049012742936611176,0.0,-0.0013842086773365736,-0.9063576459884644,0.03155553340911865,0.173749178647995,1,0
run 1,212,-0.02079201303422451,False,0.9237685799598694,13.349989891052246,12.45519733428955,1.6227384805679321,-0.00037495256401598454,-0.049012742936611176,0.0,-0.0013842086773365736,-0.9063576459884644,0.03155553340911865,0.173749178647995,1,0
run 1,213,-0.012043841183185577,False,0.9237685799598694,13.349989891052246,12.45519733428955,1.6227384805679321,-0.00037495256401598454,-0.049012742936611176,0.0,-0.0013842086773365736,-0.9063576459884644,0.03155553340911865,0.173749178647995,1,0
run 1,214,-0.029821736738085747,False,0.9237685799598694,13.349989891052246,12.45519733428955,1.6227384805679321,-0.00037495256401598454,-0.049012742936611176,0.0,-0.0013842086773365736,-0.9063576459884644,0.03155553340911865,0.173749178647995,1,0
run 1,215,-0.00898195244371891,False,0.9237685799598694,13.349989891052246,12.45519733428955,1.6227384805679321,-0.00037495256401598454,-0.049012742936611176,0.0,-0.0013842086773365736,-0.9063576459884644,0.03155553340911865,0.173749178647995,1,0
run 1,216,0.002191895619034767,False,0.9237685799598694,13.349989891052246,12.45519733428955,1.6227384805679321,-0.00037495256401598454,-0.049012742936611176,0.0,-0.0013842086773365736,-0.9063576459884644,0.03155553340911865,0.173749178647995,1,0
run 1,217,0.011737124994397163,False,0.9237685799598694,13.349989891052246,12.45519733428955,1.6227384805679321,-0.00037495256401598454,-0.049012742936611176,0.0,-0.0013842086773365736,-0.9063576459884644,0.03155553340911865,0.173749178647995,1,0
run 1,218,0.5948812365531921,False,0.9237685799598694,13.349989891052246,12.45519733428955,1.6227384805679321,-0.00037495256401598454,-0.049012742936611176,0.0,-0.0013842086773365736,-0.9063576459884644,0.03155553340911865,0.173749178647995,1,0
run 1,219,0.58480304479599,False,0.9237685799598694,13.349989891052246,12.45519733428955,1.6227384805679321,-0.00037495256401598454,-0.049012742936611176,0.0,-0.0013842086773365736,-0.9063576459884644,0.03155553340911865,0.173749178647995,1,0
run 1,220,0.5881614089012146,False,0.9237685799598694,13.349989891052246,12.45519733428955,1.6227384805679321,-0.00037495256401598454,-0.049012742936611176,0.0,-0.0013842086773365736,-0.9063576459884644,0.03155553340911865,0.173749178647995,1,0
run 1,221,0.5886459946632385,False,0.9237685799598694,13.349989891052246,12.45519733428955,1.6227384805679321,-0.00037495256401598454,-0.049012742936611176,0.0,-0.0013842086773365736,-0.9063576459884644,0.03155553340911865,0.173749178647995,1,0
run 1,222,0.5878557562828064,False,0.9237685799598694,13.349989891052246,12.45519733428955,1.6227384805679321,-0.00037495256401598454,-0.049012742936611176,0.0,-0.0013842086773365736,-0.9063576459884644,0.03155553340911865,0.173749178647995,1,0
run 1,223,0.5889638662338257,False,0.9237685799598694,13.349989891052246,12.45519733428955,1.6227384805679321,-0.00037495256401598454,-0.049012742936611176,0.0,-0.0013842086773365736,-0.9063576459884644,0.03155553340911865,0.173749178647995,1,0
run 1,224,0.5709677934646606,False,0.9237685799598694,13.349989891052246,12.45519733428955,1.6227384805679321,-0.00037495256401598454,-0.049012742936611176,0.0,-0.0013842086773365736,-0.9063576459884644,0.03155553340911865,0.173749178647995,1,0
run 1,225,0.579434871673584,False,0.9237685799598694,13.349989891052246,12.45519733428955,1.6227384805679321,-0.00037495256401598454,-0.049012742936611176,0.0,-0.0013842086773365736,-0.9063576459884644,0.03155553340911865,0.173749178647995,1,0
run 1,226,0.5751829147338867,False,0.9237685799598694,13.349989891052246,12.45519733428955,1.6227384805679321,-0.00037495256401598454,-0.049012742936611176,0.0,-0.0013842086773365736,-0.9063576459884644,0.03155553340911865,0.173749178647995,1,0
run 1,227,0.5848723649978638,False,0.9237685799598694,13.349989891052246,12.45519733428955,1.6227384805679321,-0.00037495256401598454,-0.049012742936611176,0.0,-0.0013842086773365736,-0.9063576459884644,0.03155553340911865,0.173749178647995,1,0
run 1,228,0.5498250126838684,False,0.9237685799598694,13.349989891052246,12.45519733428955,1.6227384805679321,-0.00037495256401598454,-0.049012742936611176,0.0,-0.0013842086773365736,-0.9063576459884644,0.03155553340911865,0.173749178647995,1,0
run 1,229,0.5629973411560059,False,0.9237685799598694,13.349989891052246,12.45519733428955,1.6227384805679321,-0.00037495256401598454,-0.049012742936611176,0.0,-0.0013842086773365736,-0.9063576459884644,0.03155553340911865,0.173749178647995,1,0
run 1,230,0.5637837052345276,False,0.9237685799598694,13.349989891052246,12.45519733428955,1.6227384805679321,-0.00037495256401598454,-0.049012742936611176,0.0,-0.0013842086773365736,-0.9063576459884644,0.03155553340911865,0.173749178647995,1,0
run 1,231,0.5867742300033569,False,0.9237685799598694,13.349989891052246,12.45519733428955,1.6227384805679321,-0.00037495256401598454,-0.049012742936611176,0.0,-0.0013842086773365736,-0.9063576459884644,0.03155553340911865,0.173749178647995,1,0
run 1,232,0.5811412334442139,False,0.9237685799598694,13.349989891052246,12.45519733428955,1.6227384805679321,-0.00037495256401598454,-0.049012742936611176,0.0,-0.0013842086773365736,-0.9063576459884644,0.03155553340911865,0.173749178647995,1,0
run 1,233,0.5872213244438171,False,0.9237685799598694,13.349989891052246,12.45519733428955,1.6227384805679321,-0.00037495256401598454,-0.049012742936611176,0.0,-0.0013842086773365736,-0.9063576459884644,0.03155553340911865,0.173749178647995,1,0
run 1,234,0.5930185317993164,False,0.9237685799598694,13.349989891052246,12.45519733428955,1.6227384805679321,-0.00037495256401598454,-0.049012742936611176,0.0,-0.0013842086773365736,-0.9063576459884644,0.03155553340911865,0.173749178647995,1,0
run 1,235,0.5719006657600403,False,0.9237685799598694,13.349989891052246,12.45519733428955,1.6227384805679321,-0.00037495256401598454,-0.049012742936611176,0.0,-0.0013842086773365736,-0.9063576459884644,0.03155553340911865,0.173749178647995,1,0
run 1,236,0.5846399068832397,False,0.9237685799598694,13.349989891052246,12.45519733428955,1.6227384805679321,-0.00037495256401598454,-0.049012742936611176,0.0,-0.0013842086773365736,-0.9063576459884644,0.03155553340911865,0.173749178647995,1,0
run 1,237,0.581112802028656,False,0.9237685799598694,13.349989891052246,12.45519733428955,1.6227384805679321,-0.00037495256401598454,-0.049012742936611176,0.0,-0.0013842086773365736,-0.9063576459884644,0.03155553340911865,0.173749178647995,1,0
run 1,238,0.5799625515937805,False,0.9237685799598694,13.349989891052246,12.45519733428955,1.6227384805679321,-0.00037495256401598454,-0.049012742936611176,0.0,-0.0013842086773365736,-0.9063576459884644,0.03155553340911865,0.173749178647995,1,0
run 1,239,0.5900706648826599,False,0.9237685799598694,13.349989891052246,12.45519733428955,1.6227384805679321,-0.00037495256401598454,-0.049012742936611176,0.0,-0.0013842086773365736,-0.9063576459884644,0.03155553340911865,0.173749178647995,1,0
run 1,240,0.5829250812530518,False,0.9237685799598694,13.349989891052246,12.45519733428955,1.6227384805679321,-0.00037495256401598454,-0.049012742936611176,0.0,-0.0013842086773365736,-0.9063576459884644,0.03155553340911865,0.173749178647995,1,0
run 1,241,0.5857756733894348,False,0.9237685799598694,13.349989891052246,12.45519733428955,1.6227384805679321,-0.00037495256401598454,-0.049012742936611176,0.0,-0.0013842086773365736,-0.9063576459884644,0.03155553340911865,0.173749178647995,1,0
run 1,242,0.5878612995147705,False,0.9237685799598694,13.349989891052246,12.45519733428955,1.6227384805679321,-0.00037495256401598454,-0.049012742936611176,0.0,-0.0013842086773365736,-0.9063576459884644,0.03155553340911865,0.173749178647995,1,0
run 1,243,0.5636206269264221,False,0.9237685799598694,13.349989891052246,12.45519733428955,1.6227384805679321,-0.00037495256401598454,-0.049012742936611176,0.0,-0.0013842086773365736,-0.9063576459884644,0.03155553340911865,0.173749178647995,1,0
run 1,244,0.5644146800041199,False,0.9237685799598694,13.349989891052246,12.45519733428955,1.6227384805679321,-0.00037495256401598454,-0.049012742936611176,0.0,-0.0013842086773365736,-0.9063576459884644,0.03155553340911865,0.173749178647995,1,0
run 1,245,0.5727906823158264,False,0.9237685799598694,13.349989891052246,12.45519733428955,1.6227384805679321,-0.00037495256401598454,-0.049012742936611176,0.0,-0.0013842086773365736,-0.9063576459884644,0.03155553340911865,0.173749178647995,1,0
run 1,246,0.5787839293479919,False,0.9237685799598694,13.349989891052246,12.45519733428955,1.6227384805679321,-0.00037495256401598454,-0.049012742936611176,0.0,-0.0013842086773365736,-0.9063576459884644,0.03155553340911865,0.173749178647995,1,0
run 1,247,0.5858602523803711,False,0.9237685799598694,13.349989891052246,12.45519733428955,1.6227384805679321,-0.00037495256401598454,-0.049012742936611176,0.0,-0.0013842086773365736,-0.9063576459884644,0.03155553340911865,0.173749178647995,1,0
run 1,248,0.5678626894950867,False,0.9237685799598694,13.349989891052246,12.45519733428955,1.6227384805679321,-0.00037495256401598454,-0.049012742936611176,0.0,-0.0013842086773365736,-0.9063576459884644,0.03155553340911865,0.173749178647995,1,0
run 1,249,0.5636549592018127,False,0.9237685799598694,13.349989891052246,12.45519733428955,1.6227384805679321,-0.00037495256401598454,-0.049012742936611176,0.0,-0.0013842086773365736,-0.9063576459884644,0.03155553340911865,0.173749178647995,1,0
run 1,250,0.5632686614990234,False,0.9237685799598694,13.349989891052246,12.45519733428955,1.6227384805679321,-0.00037495256401598454,-0.049012742936611176,0.0,-0.0013842086773365736,-0.9063576459884644,0.03155553340911865,0.173749178647995,1,0
run 1,251,0.561849057674408,False,0.9237685799598694,13.349989891052246,12.45519733428955,1.6227384805679321,-0.00037495256401598454,-0.049012742936611176,0.0,-0.0013842086773365736,-0.9063576459884644,0.03155553340911865,0.173749178647995,1,0
run 1,252,0.5618235468864441,False,0.9237685799598694,13.349989891052246,12.45519733428955,1.6227384805679321,-0.00037495256401598454,-0.049012742936611176,0.0,-0.0013842086773365736,-0.9063576459884644,0.03155553340911865,0.173749178647995,1,0
run 1,253,0.5865236520767212,False,0.9237685799598694,13.349989891052246,12.45519733428955,1.6227384805679321,-0.00037495256401598454,-0.049012742936611176,0.0,-0.0013842086773365736,-0.9063576459884644,0.03155553340911865,0.173749178647995,1,0
run 1,254,0.5723957419395447,False,0.9237685799598694,13.349989891052246,12.45519733428955,1.6227384805679321,-0.00037495256401598454,-0.049012742936611176,0.0,-0.0013842086773365736,-0.9063576459884644,0.03155553340911865,0.173749178647995,1,0
run 1,255,0.5699567198753357,False,0.9237685799598694,13.349989891052246,12.45519733428955,1.6227384805679321,-0.00037495256401598454,-0.049012742936611176,0.0,-0.0013842086773365736,-0.9063576459884644,0.03155553340911865,0.173749178647995,1,0
run 1,256,0.5786827206611633,False,0.9237685799598694,13.349989891052246,12.45519733428955,1.6227384805679321,-0.00037495256401598454,-0.049012742936611176,0.0,-0.0013842086773365736,-0.9063576459884644,0.03155553340911865,0.173749178647995,1,0
run 1,257,0.5406736135482788,False,0.9237685799598694,13.349989891052246,12.45519733428955,1.6227384805679321,-0.00037495256401598454,-0.049012742936611176,0.0,-0.0013842086773365736,-0.9063576459884644,0.03155553340911865,0.173749178647995,1,0
run 1,258,0.5578689575195312,False,0.9237685799598694,13.349989891052246,12.45519733428955,1.6227384805679321,-0.00037495256401598454,-0.049012742936611176,0.0,-0.0013842086773365736,-0.9063576459884644,0.03155553340911865,0.173749178647995,1,0
run 1,259,0.5753896236419678,False,0.9237685799598694,13.349989891052246,12.45519733428955,1.6227384805679321,-0.00037495256401598454,-0.049012742936611176,0.0,-0.0013842086773365736,-0.9063576459884644,0.03155553340911865,0.173749178647995,1,0
run 1,260,0.5751141905784607,False,0.9237685799598694,13.349989891052246,12.45519733428955,1.6227384805679321,-0.00037495256401598454,-0.049012742936611176,0.0,-0.0013842086773365736,-0.9063576459884644,0.03155553340911865,0.173749178647995,1,0
run 1,261,0.5771428346633911,False,0.9237685799598694,13.349989891052246,12.45519733428955,1.6227384805679321,-0.00037495256401598454,-0.049012742936611176,0.0,-0.0013842086773365736,-0.9063576459884644,0.03155553340911865,0.173749178647995,1,0
run 1,262,0.5636324286460876,False,0.9237685799598694,13.349989891052246,12.45519733428955,1.6227384805679321,-0.00037495256401598454,-0.049012742936611176,0.0,-0.0013842086773365736,-0.9063576459884644,0.03155553340911865,0.173749178647995,1,0
run 1,263,0.5741713047027588,False,0.9237685799598694,13.349989891052246,12.45519733428955,1.6227384805679321,-0.00037495256401598454,-0.049012742936611176,0.0,-0.0013842086773365736,-0.9063576459884644,0.03155553340911865,0.173749178647995,1,0
run 1,264,0.5624379515647888,False,0.9237685799598694,13.349989891052246,12.45519733428955,1.6227384805679321,-0.00037495256401598454,-0.049012742936611176,0.0,-0.0013842086773365736,-0.9063576459884644,0.03155553340911865,0.173749178647995,1,0
run 1,265,0.5601519346237183,False,0.9237685799598694,13.349989891052246,12.45519733428955,1.6227384805679321,-0.00037495256401598454,-0.049012742936611176,0.0,-0.0013842086773365736,-0.9063576459884644,0.03155553340911865,0.173749178647995,1,0
run 1,266,0.5734511613845825,False,0.9237685799598694,13.349989891052246,12.45519733428955,1.6227384805679321,-0.00037495256401598454,-0.049012742936611176,0.0,-0.0013842086773365736,-0.9063576459884644,0.03155553340911865,0.173749178647995,1,0
run 1,267,0.564593493938446,False,0.9237685799598694,13.349989891052246,12.45519733428955,1.6227384805679321,-0.00037495256401598454,-0.049012742936611176,0.0,-0.0013842086773365736,-0.9063576459884644,0.03155553340911865,0.173749178647995,1,0
run 1,268,0.5620511770248413,False,0.9237685799598694,13.349989891052246,12.45519733428955,1.6227384805679321,-0.00037495256401598454,-0.049012742936611176,0.0,-0.0013842086773365736,-0.9063576459884644,0.03155553340911865,0.173749178647995,1,0
run 1,269,0.563783586025238,False,0.9237685799598694,13.349989891052246,12.45519733428955,1.6227384805679321,-0.00037495256401598454,-0.049012742936611176,0.0,-0.0013842086773365736,-0.9063576459884644,0.03155553340911865,0.173749178647995,1,0
run 1,270,0.5528494715690613,False,0.9237685799598694,13.349989891052246,12.45519733428955,1.6227384805679321,-0.00037495256401598454,-0.049012742936611176,0.0,-0.0013842086773365736,-0.9063576459884644,0.03155553340911865,0.173749178647995,1,0
run 1,271,0.5472480654716492,False,0.9237685799598694,13.349989891052246,12.45519733428955,1.6227384805679321,-0.00037495256401598454,-0.049012742936611176,0.0,-0.0013842086773365736,-0.9063576459884644,0.03155553340911865,0.173749178647995,1,0
run 1,272,0.5647321343421936,False,0.9237685799598694,13.349989891052246,12.45519733428955,1.6227384805679321,-0.00037495256401598454,-0.049012742936611176,0.0,-0.0013842086773365736,-0.9063576459884644,0.03155553340911865,0.173749178647995,1,0
run 1,273,0.5667238831520081,False,0.9237685799598694,13.349989891052246,12.45519733428955,1.6227384805679321,-0.00037495256401598454,-0.049012742936611176,0.0,-0.0013842086773365736,-0.9063576459884644,0.03155553340911865,0.173749178647995,1,0
run 1,274,0.5684240460395813,False,0.9237685799598694,13.349989891052246,12.45519733428955,1.6227384805679321,-0.00037495256401598454,-0.049012742936611176,0.0,-0.0013842086773365736,-0.9063576459884644,0.03155553340911865,0.173749178647995,1,0
run 1,275,0.5712304711341858,False,0.9237685799598694,13.349989891052246,12.45519733428955,1.6227384805679321,-0.00037495256401598454,-0.049012742936611176,0.0,-0.0013842086773365736,-0.9063576459884644,0.03155553340911865,0.173749178647995,1,0
run 1,276,0.5806293487548828,False,0.9237685799598694,13.349989891052246,12.45519733428955,1.6227384805679321,-0.00037495256401598454,-0.049012742936611176,0.0,-0.0013842086773365736,-0.9063576459884644,0.03155553340911865,0.173749178647995,1,0
run 1,277,0.5690112709999084,False,0.9237685799598694,13.349989891052246,12.45519733428955,1.6227384805679321,-0.00037495256401598454,-0.049012742936611176,0.0,-0.0013842086773365736,-0.9063576459884644,0.03155553340911865,0.173749178647995,1,0
run 1,278,0.5643476843833923,False,0.9237685799598694,13.349989891052246,12.45519733428955,1.6227384805679321,-0.00037495256401598454,-0.049012742936611176,0.0,-0.0013842086773365736,-0.9063576459884644,0.03155553340911865,0.173749178647995,1,0
run 1,279,0.5737212300300598,False,0.9237685799598694,13.349989891052246,12.45519733428955,1.6227384805679321,-0.00037495256401598454,-0.049012742936611176,0.0,-0.0013842086773365736,-0.9063576459884644,0.03155553340911865,0.173749178647995,1,0
run 1,280,0.5771761536598206,False,0.9237685799598694,13.349989891052246,12.45519733428955,1.6227384805679321,-0.00037495256401598454,-0.049012742936611176,0.0,-0.0013842086773365736,-0.9063576459884644,0.03155553340911865,0.173749178647995,1,0
run 1,281,0.5763852596282959,False,0.9237685799598694,13.349989891052246,12.45519733428955,1.6227384805679321,-0.00037495256401598454,-0.049012742936611176,0.0,-0.0013842086773365736,-0.9063576459884644,0.03155553340911865,0.173749178647995,1,0
run 1,282,0.5574982166290283,False,0.9237685799598694,13.349989891052246,12.45519733428955,1.6227384805679321,-0.00037495256401598454,-0.049012742936611176,0.0,-0.0013842086773365736,-0.9063576459884644,0.03155553340911865,0.173749178647995,1,0
run 1,283,0.562411904335022,False,0.9237685799598694,13.349989891052246,12.45519733428955,1.6227384805679321,-0.00037495256401598454,-0.049012742936611176,0.0,-0.0013842086773365736,-0.9063576459884644,0.03155553340911865,0.173749178647995,1,0
run 1,284,0.562203586101532,False,0.9237685799598694,13.349989891052246,12.45519733428955,1.6227384805679321,-0.00037495256401598454,-0.049012742936611176,0.0,-0.0013842086773365736,-0.9063576459884644,0.03155553340911865,0.173749178647995,1,0
run 1,285,0.5721223950386047,False,0.9237685799598694,13.349989891052246,12.45519733428955,1.6227384805679321,-0.00037495256401598454,-0.049012742936611176,0.0,-0.0013842086773365736,-0.9063576459884644,0.03155553340911865,0.173749178647995,1,0
run 1,286,0.5528975129127502,False,0.9237685799598694,13.349989891052246,12.45519733428955,1.6227384805679321,-0.00037495256401598454,-0.049012742936611176,0.0,-0.0013842086773365736,-0.9063576459884644,0.03155553340911865,0.173749178647995,1,0
run 1,287,0.5544795393943787,False,0.9237685799598694,13.349989891052246,12.45519733428955,1.6227384805679321,-0.00037495256401598454,-0.049012742936611176,0.0,-0.0013842086773365736,-0.9063576459884644,0.03155553340911865,0.173749178647995,1,0
run 1,288,0.5679382085800171,False,0.9237685799598694,13.349989891052246,12.45519733428955,1.6227384805679321,-0.00037495256401598454,-0.049012742936611176,0.0,-0.0013842086773365736,-0.9063576459884644,0.03155553340911865,0.173749178647995,1,0
run 1,289,0.5777578353881836,False,0.9237685799598694,13.349989891052246,12.45519733428955,1.6227384805679321,-0.00037495256401598454,-0.049012742936611176,0.0,-0.0013842086773365736,-0.9063576459884644,0.03155553340911865,0.173749178647995,1,0
run 1,290,0.5594516396522522,False,0.9237685799598694,13.349989891052246,12.45519733428955,1.6227384805679321,-0.00037495256401598454,-0.049012742936611176,0.0,-0.0013842086773365736,-0.9063576459884644,0.03155553340911865,0.173749178647995,1,0
run 1,291,0.5587884187698364,False,0.9237685799598694,13.349989891052246,12.45519733428955,1.6227384805679321,-0.00037495256401598454,-0.049012742936611176,0.0,-0.0013842086773365736,-0.9063576459884644,0.03155553340911865,0.173749178647995,1,0
run 1,292,0.566275417804718,False,0.9237685799598694,13.349989891052246,12.45519733428955,1.6227384805679321,-0.00037495256401598454,-0.049012742936611176,0.0,-0.0013842086773365736,-0.9063576459884644,0.03155553340911865,0.173749178647995,1,0
run 1,293,0.5754860043525696,False,0.9237685799598694,13.349989891052246,12.45519733428955,1.6227384805679321,-0.00037495256401598454,-0.049012742936611176,0.0,-0.0013842086773365736,-0.9063576459884644,0.03155553340911865,0.173749178647995,1,0
run 1,294,0.5791645646095276,False,0.9237685799598694,13.349989891052246,12.45519733428955,1.6227384805679321,-0.00037495256401598454,-0.049012742936611176,0.0,-0.0013842086773365736,-0.9063576459884644,0.03155553340911865,0.173749178647995,1,0
run 1,295,0.5764643549919128,False,0.9237685799598694,13.349989891052246,12.45519733428955,1.6227384805679321,-0.00037495256401598454,-0.049012742936611176,0.0,-0.0013842086773365736,-0.9063576459884644,0.03155553340911865,0.173749178647995,1,0
run 1,296,0.5808839797973633,False,0.9237685799598694,13.349989891052246,12.45519733428955,1.6227384805679321,-0.00037495256401598454,-0.049012742936611176,0.0,-0.0013842086773365736,-0.9063576459884644,0.03155553340911865,0.173749178647995,1,0
run 1,297,0.5551974177360535,False,0.9237685799598694,13.349989891052246,12.45519733428955,1.6227384805679321,-0.00037495256401598454,-0.049012742936611176,0.0,-0.0013842086773365736,-0.9063576459884644,0.03155553340911865,0.173749178647995,1,0
run 1,298,0.5609986782073975,False,0.9237685799598694,13.349989891052246,12.45519733428955,1.6227384805679321,-0.00037495256401598454,-0.049012742936611176,0.0,-0.0013842086773365736,-0.9063576459884644,0.03155553340911865,0.173749178647995,1,0
run 1,299,0.5612971782684326,False,0.9237685799598694,13.349989891052246,12.45519733428955,1.6227384805679321,-0.00037495256401598454,-0.049012742936611176,0.0,-0.0013842086773365736,-0.9063576459884644,0.03155553340911865,0.173749178647995,1,0
run 1,300,0.5572950839996338,False,0.9450525641441345,12.449992179870605,10.436243057250977,0.5785019397735596,-0.00022434003767557442,-0.03262674808502197,0.0,-0.0014081124681979418,-0.7722591161727905,0.06631605327129364,0.19114387035369873,1,0
run 1,301,-0.05095797777175903,False,0.9450525641441345,12.449992179870605,10.436243057250977,0.5785019397735596,-0.00022434003767557442,-0.03262674808502197,0.0,-0.0014081124681979418,-0.7722591161727905,0.06631605327129364,0.19114387035369873,1,0
run 1,302,-0.03272860869765282,False,0.9450525641441345,12.449992179870605,10.436243057250977,0.5785019397735596,-0.00022434003767557442,-0.03262674808502197,0.0,-0.0014081124681979418,-0.7722591161727905,0.06631605327129364,0.19114387035369873,1,0
run 1,303,-0.02674190327525139,False,0.9450525641441345,12.449992179870605,10.436243057250977,0.5785019397735596,-0.00022434003767557442,-0.03262674808502197,0.0,-0.0014081124681979418,-0.7722591161727905,0.06631605327129364,0.19114387035369873,1,0
run 1,304,-0.019723694771528244,False,0.9450525641441345,12.449992179870605,10.436243057250977,0.5785019397735596,-0.00022434003767557442,-0.03262674808502197,0.0,-0.0014081124681979418,-0.7722591161727905,0.06631605327129364,0.19114387035369873,1,0
run 1,305,-0.012406468391418457,False,0.9450525641441345,12.449992179870605,10.436243057250977,0.5785019397735596,-0.00022434003767557442,-0.03262674808502197,0.0,-0.0014081124681979418,-0.7722591161727905,0.06631605327129364,0.19114387035369873,1,0
run 1,306,-0.06137275695800781,False,0.9450525641441345,12.449992179870605,10.436243057250977,0.5785019397735596,-0.00022434003767557442,-0.03262674808502197,0.0,-0.0014081124681979418,-0.7722591161727905,0.06631605327129364,0.19114387035369873,1,0
run 1,307,-0.05917719006538391,False,0.9450525641441345,12.449992179870605,10.436243057250977,0.5785019397735596,-0.00022434003767557442,-0.03262674808502197,0.0,-0.0014081124681979418,-0.7722591161727905,0.06631605327129364,0.19114387035369873,1,0
run 1,308,-0.017400560900568962,False,0.9450525641441345,12.449992179870605,10.436243057250977,0.5785019397735596,-0.00022434003767557442,-0.03262674808502197,0.0,-0.0014081124681979418,-0.7722591161727905,0.06631605327129364,0.19114387035369873,1,0
run 1,309,-0.004718495532870293,False,0.9450525641441345,12.449992179870605,10.436243057250977,0.5785019397735596,-0.00022434003767557442,-0.03262674808502197,0.0,-0.0014081124681979418,-0.7722591161727905,0.06631605327129364,0.19114387035369873,1,0
run 1,310,0.00744140800088644,False,0.9450525641441345,12.449992179870605,10.436243057250977,0.5785019397735596,-0.00022434003767557442,-0.03262674808502197,0.0,-0.0014081124681979418,-0.7722591161727905,0.06631605327129364,0.19114387035369873,1,0
run 1,311,-0.009717132896184921,False,0.9450525641441345,12.449992179870605,10.436243057250977,0.5785019397735596,-0.00022434003767557442,-0.03262674808502197,0.0,-0.0014081124681979418,-0.7722591161727905,0.06631605327129364,0.19114387035369873,1,0
run 1,312,-0.006077894940972328,False,0.9450525641441345,12.449992179870605,10.436243057250977,0.5785019397735596,-0.00022434003767557442,-0.03262674808502197,0.0,-0.0014081124681979418,-0.7722591161727905,0.06631605327129364,0.19114387035369873,1,0
run 1,313,-0.030413931235671043,False,0.9450525641441345,12.449992179870605,10.436243057250977,0.5785019397735596,-0.00022434003767557442,-0.03262674808502197,0.0,-0.0014081124681979418,-0.7722591161727905,0.06631605327129364,0.19114387035369873,1,0
run 1,314,-0.019453156739473343,False,0.9450525641441345,12.449992179870605,10.436243057250977,0.5785019397735596,-0.00022434003767557442,-0.03262674808502197,0.0,-0.0014081124681979418,-0.7722591161727905,0.06631605327129364,0.19114387035369873,1,0
run 1,315,0.009378095157444477,False,0.9450525641441345,12.449992179870605,10.436243057250977,0.5785019397735596,-0.00022434003767557442,-0.03262674808502197,0.0,-0.0014081124681979418,-0.7722591161727905,0.06631605327129364,0.19114387035369873,1,0
run 1,316,-0.01004735380411148,False,0.9450525641441345,12.449992179870605,10.436243057250977,0.5785019397735596,-0.00022434003767557442,-0.03262674808502197,0.0,-0.0014081124681979418,-0.7722591161727905,0.06631605327129364,0.19114387035369873,1,0
run 1,317,-0.0066422708332538605,False,0.9450525641441345,12.449992179870605,10.436243057250977,0.5785019397735596,-0.00022434003767557442,-0.03262674808502197,0.0,-0.0014081124681979418,-0.7722591161727905,0.06631605327129364,0.19114387035369873,1,0
run 1,318,0.0101851224899292,False,0.9450525641441345,12.449992179870605,10.436243057250977,0.5785019397735596,-0.00022434003767557442,-0.03262674808502197,0.0,-0.0014081124681979418,-0.7722591161727905,0.06631605327129364,0.19114387035369873,1,0
run 1,319,-0.02220907062292099,False,0.9450525641441345,12.449992179870605,10.436243057250977,0.5785019397735596,-0.00022434003767557442,-0.03262674808502197,0.0,-0.0014081124681979418,-0.7722591161727905,0.06631605327129364,0.19114387035369873,1,0
run 1,320,-0.014605486765503883,False,0.9450525641441345,12.449992179870605,10.436243057250977,0.5785019397735596,-0.00022434003767557442,-0.03262674808502197,0.0,-0.0014081124681979418,-0.7722591161727905,0.06631605327129364,0.19114387035369873,1,0
run 1,321,-0.006482725962996483,False,0.9450525641441345,12.449992179870605,10.436243057250977,0.5785019397735596,-0.00022434003767557442,-0.03262674808502197,0.0,-0.0014081124681979418,-0.7722591161727905,0.06631605327129364,0.19114387035369873,1,0
run 1,322,-0.012913379818201065,False,0.9450525641441345,12.449992179870605,10.436243057250977,0.5785019397735596,-0.00022434003767557442,-0.03262674808502197,0.0,-0.0014081124681979418,-0.7722591161727905,0.06631605327129364,0.19114387035369873,1,0
run 1,323,-0.005671722814440727,False,0.9450525641441345,12.449992179870605,10.436243057250977,0.5785019397735596,-0.00022434003767557442,-0.03262674808502197,0.0,-0.0014081124681979418,-0.7722591161727905,0.06631605327129364,0.19114387035369873,1,0
run 1,324,0.6567246317863464,False,0.9450525641441345,12.449992179870605,10.436243057250977,0.5785019397735596,-0.00022434003767557442,-0.03262674808502197,0.0,-0.0014081124681979418,-0.7722591161727905,0.06631605327129364,0.19114387035369873,1,0
run 1,325,0.6613773703575134,False,0.9450525641441345,12.449992179870605,10.436243057250977,0.5785019397735596,-0.00022434003767557442,-0.03262674808502197,0.0,-0.0014081124681979418,-0.7722591161727905,0.06631605327129364,0.19114387035369873,1,0
run 1,326,0.610445499420166,False,0.9450525641441345,12.449992179870605,10.436243057250977,0.5785019397735596,-0.00022434003767557442,-0.03262674808502197,0.0,-0.0014081124681979418,-0.7722591161727905,0.06631605327129364,0.19114387035369873,1,0
run 1,327,0.6350336670875549,False,0.9450525641441345,12.449992179870605,10.436243057250977,0.5785019397735596,-0.00022434003767557442,-0.03262674808502197,0.0,-0.0014081124681979418,-0.7722591161727905,0.06631605327129364,0.19114387035369873,1,0
run 1,328,0.6226252913475037,False,0.9450525641441345,12.449992179870605,10.436243057250977,0.5785019397735596,-0.00022434003767557442,-0.03262674808502197,0.0,-0.0014081124681979418,-0.7722591161727905,0.06631605327129364,0.19114387035369873,1,0
run 1,329,0.6442345380783081,False,0.9450525641441345,12.449992179870605,10.436243057250977,0.5785019397735596,-0.00022434003767557442,-0.03262674808502197,0.0,-0.0014081124681979418,-0.7722591161727905,0.06631605327129364,0.19114387035369873,1,0
run 1,330,0.6312392950057983,False,0.9450525641441345,12.449992179870605,10.436243057250977,0.5785019397735596,-0.00022434003767557442,-0.03262674808502197,0.0,-0.0014081124681979418,-0.7722591161727905,0.06631605327129364,0.19114387035369873,1,0
run 1,331,0.640276312828064,False,0.9450525641441345,12.449992179870605,10.436243057250977,0.5785019397735596,-0.00022434003767557442,-0.03262674808502197,0.0,-0.0014081124681979418,-0.7722591161727905,0.06631605327129364,0.19114387035369873,1,0
run 1,332,0.6437257528305054,False,0.9450525641441345,12.449992179870605,10.436243057250977,0.5785019397735596,-0.00022434003767557442,-0.03262674808502197,0.0,-0.0014081124681979418,-0.7722591161727905,0.06631605327129364,0.19114387035369873,1,0
run 1,333,0.6497511863708496,False,0.9450525641441345,12.449992179870605,10.436243057250977,0.5785019397735596,-0.00022434003767557442,-0.03262674808502197,0.0,-0.0014081124681979418,-0.7722591161727905,0.06631605327129364,0.19114387035369873,1,0
run 1,334,0.6526106595993042,False,0.9450525641441345,12.449992179870605,10.436243057250977,0.5785019397735596,-0.00022434003767557442,-0.03262674808502197,0.0,-0.0014081124681979418,-0.7722591161727905,0.06631605327129364,0.19114387035369873,1,0
run 1,335,0.6510558724403381,False,0.9450525641441345,12.449992179870605,10.436243057250977,0.5785019397735596,-0.00022434003767557442,-0.03262674808502197,0.0,-0.0014081124681979418,-0.7722591161727905,0.06631605327129364,0.19114387035369873,1,0
run 1,336,0.6343792080879211,False,0.9450525641441345,12.449992179870605,10.436243057250977,0.5785019397735596,-0.00022434003767557442,-0.03262674808502197,0.0,-0.0014081124681979418,-0.7722591161727905,0.06631605327129364,0.19114387035369873,1,0
run 1,337,0.63531893491745,False,0.9450525641441345,12.449992179870605,10.436243057250977,0.5785019397735596,-0.00022434003767557442,-0.03262674808502197,0.0,-0.0014081124681979418,-0.7722591161727905,0.06631605327129364,0.19114387035369873,1,0
run 1,338,0.6530486941337585,False,0.9450525641441345,12.449992179870605,10.436243057250977,0.5785019397735596,-0.00022434003767557442,-0.03262674808502197,0.0,-0.0014081124681979418,-0.7722591161727905,0.06631605327129364,0.19114387035369873,1,0
run 1,339,0.6663064956665039,False,0.9450525641441345,12.449992179870605,10.436243057250977,0.5785019397735596,-0.00022434003767557442,-0.03262674808502197,0.0,-0.0014081124681979418,-0.7722591161727905,0.06631605327129364,0.19114387035369873,1,0
run 1,340,0.6552044153213501,False,0.9450525641441345,12.449992179870605,10.436243057250977,0.5785019397735596,-0.00022434003767557442,-0.03262674808502197,0.0,-0.0014081124681979418,-0.7722591161727905,0.06631605327129364,0.19114387035369873,1,0
run 1,341,0.6591346263885498,False,0.9450525641441345,12.449992179870605,10.436243057250977,0.5785019397735596,-0.00022434003767557442,-0.03262674808502197,0.0,-0.0014081124681979418,-0.7722591161727905,0.06631605327129364,0.19114387035369873,1,0
run 1,342,0.6567874550819397,False,0.9450525641441345,12.449992179870605,10.436243057250977,0.5785019397735596,-0.00022434003767557442,-0.03262674808502197,0.0,-0.0014081124681979418,-0.7722591161727905,0.06631605327129364,0.19114387035369873,1,0
run 1,343,0.6577628254890442,False,0.9450525641441345,12.449992179870605,10.436243057250977,0.5785019397735596,-0.00022434003767557442,-0.03262674808502197,0.0,-0.0014081124681979418,-0.7722591161727905,0.06631605327129364,0.19114387035369873,1,0
run 1,344,0.6601547002792358,False,0.9450525641441345,12.449992179870605,10.436243057250977,0.5785019397735596,-0.00022434003767557442,-0.03262674808502197,0.0,-0.0014081124681979418,-0.7722591161727905,0.06631605327129364,0.19114387035369873,1,0
run 1,345,0.6673427224159241,False,0.9450525641441345,12.449992179870605,10.436243057250977,0.5785019397735596,-0.00022434003767557442,-0.03262674808502197,0.0,-0.0014081124681979418,-0.7722591161727905,0.06631605327129364,0.19114387035369873,1,0
run 1,346,0.6664462089538574,False,0.9450525641441345,12.449992179870605,10.436243057250977,0.5785019397735596,-0.00022434003767557442,-0.03262674808502197,0.0,-0.0014081124681979418,-0.7722591161727905,0.06631605327129364,0.19114387035369873,1,0
run 1,347,0.6580069065093994,False,0.9450525641441345,12.449992179870605,10.436243057250977,0.5785019397735596,-0.00022434003767557442,-0.03262674808502197,0.0,-0.0014081124681979418,-0.7722591161727905,0.06631605327129364,0.19114387035369873,1,0
run 1,348,0.6526010036468506,False,0.9450525641441345,12.449992179870605,10.436243057250977,0.5785019397735596,-0.00022434003767557442,-0.03262674808502197,0.0,-0.0014081124681979418,-0.7722591161727905,0.06631605327129364,0.19114387035369873,1,0
run 1,349,0.6455265283584595,False,0.9450525641441345,12.449992179870605,10.436243057250977,0.5785019397735596,-0.00022434003767557442,-0.03262674808502197,0.0,-0.0014081124681979418,-0.7722591161727905,0.06631605327129364,0.19114387035369873,1,0
run 1,350,0.6397266983985901,False,0.9450525641441345,12.449992179870605,10.436243057250977,0.5785019397735596,-0.00022434003767557442,-0.03262674808502197,0.0,-0.0014081124681979418,-0.7722591161727905,0.06631605327129364,0.19114387035369873,1,0
run 1,351,0.5940476655960083,False,0.9450525641441345,12.449992179870605,10.436243057250977,0.5785019397735596,-0.00022434003767557442,-0.03262674808502197,0.0,-0.0014081124681979418,-0.7722591161727905,0.06631605327129364,0.19114387035369873,1,0
run 1,352,0.5933265089988708,False,0.9450525641441345,12.449992179870605,10.436243057250977,0.5785019397735596,-0.00022434003767557442,-0.03262674808502197,0.0,-0.0014081124681979418,-0.7722591161727905,0.06631605327129364,0.19114387035369873,1,0
run 1,353,0.6014721989631653,False,0.9450525641441345,12.449992179870605,10.436243057250977,0.5785019397735596,-0.00022434003767557442,-0.03262674808502197,0.0,-0.0014081124681979418,-0.7722591161727905,0.06631605327129364,0.19114387035369873,1,0
run 1,354,0.5877219438552856,False,0.9450525641441345,12.449992179870605,10.436243057250977,0.5785019397735596,-0.00022434003767557442,-0.03262674808502197,0.0,-0.0014081124681979418,-0.7722591161727905,0.06631605327129364,0.19114387035369873,1,0
run 1,355,0.5811012387275696,False,0.9450525641441345,12.449992179870605,10.436243057250977,0.5785019397735596,-0.00022434003767557442,-0.03262674808502197,0.0,-0.0014081124681979418,-0.7722591161727905,0.06631605327129364,0.19114387035369873,1,0
run 1,356,0.5969884395599365,False,0.9450525641441345,12.449992179870605,10.436243057250977,0.5785019397735596,-0.00022434003767557442,-0.03262674808502197,0.0,-0.0014081124681979418,-0.7722591161727905,0.06631605327129364,0.19114387035369873,1,0
run 1,357,0.5947478413581848,False,0.9450525641441345,12.449992179870605,10.436243057250977,0.5785019397735596,-0.00022434003767557442,-0.03262674808502197,0.0,-0.0014081124681979418,-0.7722591161727905,0.06631605327129364,0.19114387035369873,1,0
run 1,358,0.59526127576828,False,0.9450525641441345,12.449992179870605,10.436243057250977,0.5785019397735596,-0.00022434003767557442,-0.03262674808502197,0.0,-0.0014081124681979418,-0.7722591161727905,0.06631605327129364,0.19114387035369873,1,0
run 1,359,0.5985960960388184,False,0.9450525641441345,12.449992179870605,10.436243057250977,0.5785019397735596,-0.00022434003767557442,-0.03262674808502197,0.0,-0.0014081124681979418,-0.7722591161727905,0.06631605327129364,0.19114387035369873,1,0
run 1,360,0.5786972045898438,False,0.9450525641441345,12.449992179870605,10.436243057250977,0.5785019397735596,-0.00022434003767557442,-0.03262674808502197,0.0,-0.0014081124681979418,-0.7722591161727905,0.06631605327129364,0.19114387035369873,1,0
run 1,361,0.5789294838905334,False,0.9450525641441345,12.449992179870605,10.436243057250977,0.5785019397735596,-0.00022434003767557442,-0.03262674808502197,0.0,-0.0014081124681979418,-0.7722591161727905,0.06631605327129364,0.19114387035369873,1,0
run 1,362,0.5862926840782166,False,0.9450525641441345,12.449992179870605,10.436243057250977,0.5785019397735596,-0.00022434003767557442,-0.03262674808502197,0.0,-0.0014081124681979418,-0.7722591161727905,0.06631605327129364,0.19114387035369873,1,0
run 1,363,0.5993589758872986,False,0.9450525641441345,12.449992179870605,10.436243057250977,0.5785019397735596,-0.00022434003767557442,-0.03262674808502197,0.0,-0.0014081124681979418,-0.7722591161727905,0.06631605327129364,0.19114387035369873,1,0
run 1,364,0.6012343764305115,False,0.9450525641441345,12.449992179870605,10.436243057250977,0.5785019397735596,-0.00022434003767557442,-0.03262674808502197,0.0,-0.0014081124681979418,-0.7722591161727905,0.06631605327129364,0.19114387035369873,1,0
run 1,365,0.5779263377189636,False,0.9450525641441345,12.449992179870605,10.436243057250977,0.5785019397735596,-0.00022434003767557442,-0.03262674808502197,0.0,-0.0014081124681979418,-0.7722591161727905,0.06631605327129364,0.19114387035369873,1,0
run 1,366,0.5952657461166382,False,0.9450525641441345,12.449992179870605,10.436243057250977,0.5785019397735596,-0.00022434003767557442,-0.03262674808502197,0.0,-0.0014081124681979418,-0.7722591161727905,0.06631605327129364,0.19114387035369873,1,0
run 1,367,0.5868372917175293,False,0.9450525641441345,12.449992179870605,10.436243057250977,0.5785019397735596,-0.00022434003767557442,-0.03262674808502197,0.0,-0.0014081124681979418,-0.7722591161727905,0.06631605327129364,0.19114387035369873,1,0
run 1,368,0.5967687368392944,False,0.9450525641441345,12.449992179870605,10.436243057250977,0.5785019397735596,-0.00022434003767557442,-0.03262674808502197,0.0,-0.0014081124681979418,-0.7722591161727905,0.06631605327129364,0.19114387035369873,1,0
run 1,369,0.6021072864532471,False,0.9450525641441345,12.449992179870605,10.436243057250977,0.5785019397735596,-0.00022434003767557442,-0.03262674808502197,0.0,-0.0014081124681979418,-0.7722591161727905,0.06631605327129364,0.19114387035369873,1,0
run 1,370,0.5797475576400757,False,0.9450525641441345,12.449992179870605,10.436243057250977,0.5785019397735596,-0.00022434003767557442,-0.03262674808502197,0.0,-0.0014081124681979418,-0.7722591161727905,0.06631605327129364,0.19114387035369873,1,0
run 1,371,0.5892566442489624,False,0.9450525641441345,12.449992179870605,10.436243057250977,0.5785019397735596,-0.00022434003767557442,-0.03262674808502197,0.0,-0.0014081124681979418,-0.7722591161727905,0.06631605327129364,0.19114387035369873,1,0
run 1,372,0.5940020680427551,False,0.9450525641441345,12.449992179870605,10.436243057250977,0.5785019397735596,-0.00022434003767557442,-0.03262674808502197,0.0,-0.0014081124681979418,-0.7722591161727905,0.06631605327129364,0.19114387035369873,1,0
run 1,373,0.5973867774009705,False,0.9450525641441345,12.449992179870605,10.436243057250977,0.5785019397735596,-0.00022434003767557442,-0.03262674808502197,0.0,-0.0014081124681979418,-0.7722591161727905,0.06631605327129364,0.19114387035369873,1,0
run 1,374,0.5884599089622498,False,0.9450525641441345,12.449992179870605,10.436243057250977,0.5785019397735596,-0.00022434003767557442,-0.03262674808502197,0.0,-0.0014081124681979418,-0.7722591161727905,0.06631605327129364,0.19114387035369873,1,0
run 1,375,0.5866439342498779,False,0.9450525641441345,12.449992179870605,10.436243057250977,0.5785019397735596,-0.00022434003767557442,-0.03262674808502197,0.0,-0.0014081124681979418,-0.7722591161727905,0.06631605327129364,0.19114387035369873,1,0
run 1,376,0.5944558382034302,False,0.9450525641441345,12.449992179870605,10.436243057250977,0.5785019397735596,-0.00022434003767557442,-0.03262674808502197,0.0,-0.0014081124681979418,-0.7722591161727905,0.06631605327129364,0.19114387035369873,1,0
run 1,377,0.5886144638061523,False,0.9450525641441345,12.449992179870605,10.436243057250977,0.5785019397735596,-0.00022434003767557442,-0.03262674808502197,0.0,-0.0014081124681979418,-0.7722591161727905,0.06631605327129364,0.19114387035369873,1,0
run 1,378,0.5879104733467102,False,0.9450525641441345,12.449992179870605,10.436243057250977,0.5785019397735596,-0.00022434003767557442,-0.03262674808502197,0.0,-0.0014081124681979418,-0.7722591161727905,0.06631605327129364,0.19114387035369873,1,0
run 1,379,0.5921475887298584,False,0.9450525641441345,12.449992179870605,10.436243057250977,0.5785019397735596,-0.00022434003767557442,-0.03262674808502197,0.0,-0.0014081124681979418,-0.7722591161727905,0.06631605327129364,0.19114387035369873,1,0
run 1,380,0.5855615735054016,False,0.9450525641441345,12.449992179870605,10.436243057250977,0.5785019397735596,-0.00022434003767557442,-0.03262674808502197,0.0,-0.0014081124681979418,-0.7722591161727905,0.06631605327129364,0.19114387035369873,1,0
run 1,381,0.5768626928329468,False,0.9450525641441345,12.449992179870605,10.436243057250977,0.5785019397735596,-0.00022434003767557442,-0.03262674808502197,0.0,-0.0014081124681979418,-0.7722591161727905,0.06631605327129364,0.19114387035369873,1,0
run 1,382,0.5966688394546509,False,0.9450525641441345,12.449992179870605,10.436243057250977,0.5785019397735596,-0.00022434003767557442,-0.03262674808502197,0.0,-0.0014081124681979418,-0.7722591161727905,0.06631605327129364,0.19114387035369873,1,0
run 1,383,0.5931768417358398,False,0.9450525641441345,12.449992179870605,10.436243057250977,0.5785019397735596,-0.00022434003767557442,-0.03262674808502197,0.0,-0.0014081124681979418,-0.7722591161727905,0.06631605327129364,0.19114387035369873,1,0
run 1,384,0.596278727054596,False,0.9450525641441345,12.449992179870605,10.436243057250977,0.5785019397735596,-0.00022434003767557442,-0.03262674808502197,0.0,-0.0014081124681979418,-0.7722591161727905,0.06631605327129364,0.19114387035369873,1,0
run 1,385,0.6031315326690674,False,0.9450525641441345,12.449992179870605,10.436243057250977,0.5785019397735596,-0.00022434003767557442,-0.03262674808502197,0.0,-0.0014081124681979418,-0.7722591161727905,0.06631605327129364,0.19114387035369873,1,0
run 1,386,0.5919113755226135,False,0.9450525641441345,12.449992179870605,10.436243057250977,0.5785019397735596,-0.00022434003767557442,-0.03262674808502197,0.0,-0.0014081124681979418,-0.7722591161727905,0.06631605327129364,0.19114387035369873,1,0
run 1,387,0.5911847352981567,False,0.9450525641441345,12.449992179870605,10.436243057250977,0.5785019397735596,-0.00022434003767557442,-0.03262674808502197,0.0,-0.0014081124681979418,-0.7722591161727905,0.06631605327129364,0.19114387035369873,1,0
run 1,388,0.5949956178665161,False,0.9450525641441345,12.449992179870605,10.436243057250977,0.5785019397735596,-0.00022434003767557442,-0.03262674808502197,0.0,-0.0014081124681979418,-0.7722591161727905,0.06631605327129364,0.19114387035369873,1,0
run 1,389,0.5990704894065857,False,0.9450525641441345,12.449992179870605,10.436243057250977,0.5785019397735596,-0.00022434003767557442,-0.03262674808502197,0.0,-0.0014081124681979418,-0.7722591161727905,0.06631605327129364,0.19114387035369873,1,0
run 1,390,0.5991224646568298,False,0.9450525641441345,12.449992179870605,10.436243057250977,0.5785019397735596,-0.00022434003767557442,-0.03262674808502197,0.0,-0.0014081124681979418,-0.7722591161727905,0.06631605327129364,0.19114387035369873,1,0
run 1,391,0.5774449706077576,False,0.9450525641441345,12.449992179870605,10.436243057250977,0.5785019397735596,-0.00022434003767557442,-0.03262674808502197,0.0,-0.0014081124681979418,-0.7722591161727905,0.06631605327129364,0.19114387035369873,1,0
run 1,392,0.6015902161598206,False,0.9450525641441345,12.449992179870605,10.436243057250977,0.5785019397735596,-0.00022434003767557442,-0.03262674808502197,0.0,-0.0014081124681979418,-0.7722591161727905,0.06631605327129364,0.19114387035369873,1,0
run 1,393,0.584106981754303,False,0.9450525641441345,12.449992179870605,10.436243057250977,0.5785019397735596,-0.00022434003767557442,-0.03262674808502197,0.0,-0.0014081124681979418,-0.7722591161727905,0.06631605327129364,0.19114387035369873,1,0
run 1,394,0.5978914499282837,False,0.9450525641441345,12.449992179870605,10.436243057250977,0.5785019397735596,-0.00022434003767557442,-0.03262674808502197,0.0,-0.0014081124681979418,-0.7722591161727905,0.06631605327129364,0.19114387035369873,1,0
run 1,395,0.5969627499580383,False,0.9450525641441345,12.449992179870605,10.436243057250977,0.5785019397735596,-0.00022434003767557442,-0.03262674808502197,0.0,-0.0014081124681979418,-0.7722591161727905,0.06631605327129364,0.19114387035369873,1,0
run 1,396,0.6042479276657104,False,0.9450525641441345,12.449992179870605,10.436243057250977,0.5785019397735596,-0.00022434003767557442,-0.03262674808502197,0.0,-0.0014081124681979418,-0.7722591161727905,0.06631605327129364,0.19114387035369873,1,0
run 1,397,0.6060658693313599,False,0.9450525641441345,12.449992179870605,10.436243057250977,0.5785019397735596,-0.00022434003767557442,-0.03262674808502197,0.0,-0.0014081124681979418,-0.7722591161727905,0.06631605327129364,0.19114387035369873,1,0
run 1,398,0.5984292030334473,False,0.9450525641441345,12.449992179870605,10.436243057250977,0.5785019397735596,-0.00022434003767557442,-0.03262674808502197,0.0,-0.0014081124681979418,-0.7722591161727905,0.06631605327129364,0.19114387035369873,1,0
run 1,399,0.5925447344779968,False,0.9450525641441345,12.449992179870605,10.436243057250977,0.5785019397735596,-0.00022434003767557442,-0.03262674808502197,0.0,-0.0014081124681979418,-0.7722591161727905,0.06631605327129364,0.19114387035369873,1,0
run 1,400,0.5903701782226562,False,0.9625747203826904,11.549994468688965,10.505105972290039,1.2136753797531128,-0.0002471936750225723,-0.03238784521818161,0.0,-0.0012624517548829317,-0.8337985873222351,0.05369534716010094,0.17862997949123383,1,0
run 1,401,-0.09900674223899841,False,0.9625747203826904,11.549994468688965,10.505105972290039,1.2136753797531128,-0.0002471936750225723,-0.03238784521818161,0.0,-0.0012624517548829317,-0.8337985873222351,0.05369534716010094,0.17862997949123383,1,0
run 1,402,-0.10347805172204971,False,0.9625747203826904,11.549994468688965,10.505105972290039,1.2136753797531128,-0.0002471936750225723,-0.03238784521818161,0.0,-0.0012624517548829317,-0.8337985873222351,0.05369534716010094,0.17862997949123383,1,0
run 1,403,-0.047016724944114685,False,0.9625747203826904,11.549994468688965,10.505105972290039,1.2136753797531128,-0.0002471936750225723,-0.03238784521818161,0.0,-0.0012624517548829317,-0.8337985873222351,0.05369534716010094,0.17862997949123383,1,0
run 1,404,-0.015802837908267975,False,0.9625747203826904,11.549994468688965,10.505105972290039,1.2136753797531128,-0.0002471936750225723,-0.03238784521818161,0.0,-0.0012624517548829317,-0.8337985873222351,0.05369534716010094,0.17862997949123383,1,0
run 1,405,0.00522183533757925,False,0.9625747203826904,11.549994468688965,10.505105972290039,1.2136753797531128,-0.0002471936750225723,-0.03238784521818161,0.0,-0.0012624517548829317,-0.8337985873222351,0.05369534716010094,0.17862997949123383,1,0
run 1,406,-0.013992119580507278,False,0.9625747203826904,11.549994468688965,10.505105972290039,1.2136753797531128,-0.0002471936750225723,-0.03238784521818161,0.0,-0.0012624517548829317,-0.8337985873222351,0.05369534716010094,0.17862997949123383,1,0
run 1,407,-0.03530619293451309,False,0.9625747203826904,11.549994468688965,10.505105972290039,1.2136753797531128,-0.0002471936750225723,-0.03238784521818161,0.0,-0.0012624517548829317,-0.8337985873222351,0.05369534716010094,0.17862997949123383,1,0
run 1,408,-0.006753005087375641,False,0.9625747203826904,11.549994468688965,10.505105972290039,1.2136753797531128,-0.0002471936750225723,-0.03238784521818161,0.0,-0.0012624517548829317,-0.8337985873222351,0.05369534716010094,0.17862997949123383,1,0
run 1,409,-0.0010772477835416794,False,0.9625747203826904,11.549994468688965,10.505105972290039,1.2136753797531128,-0.0002471936750225723,-0.03238784521818161,0.0,-0.0012624517548829317,-0.8337985873222351,0.05369534716010094,0.17862997949123383,1,0
run 1,410,-0.012403848581016064,False,0.9625747203826904,11.549994468688965,10.505105972290039,1.2136753797531128,-0.0002471936750225723,-0.03238784521818161,0.0,-0.0012624517548829317,-0.8337985873222351,0.05369534716010094,0.17862997949123383,1,0
run 1,411,-0.026686396449804306,False,0.9625747203826904,11.549994468688965,10.505105972290039,1.2136753797531128,-0.0002471936750225723,-0.03238784521818161,0.0,-0.0012624517548829317,-0.8337985873222351,0.05369534716010094,0.17862997949123383,1,0
run 1,412,-0.009123137220740318,False,0.9625747203826904,11.549994468688965,10.505105972290039,1.2136753797531128,-0.0002471936750225723,-0.03238784521818161,0.0,-0.0012624517548829317,-0.8337985873222351,0.05369534716010094,0.17862997949123383,1,0
run 1,413,-0.041545454412698746,False,0.9625747203826904,11.549994468688965,10.505105972290039,1.2136753797531128,-0.0002471936750225723,-0.03238784521818161,0.0,-0.0012624517548829317,-0.8337985873222351,0.05369534716010094,0.17862997949123383,1,0
run 1,414,-0.027761543169617653,False,0.9625747203826904,11.549994468688965,10.505105972290039,1.2136753797531128,-0.0002471936750225723,-0.03238784521818161,0.0,-0.0012624517548829317,-0.8337985873222351,0.05369534716010094,0.17862997949123383,1,0
run 1,415,-0.027454834431409836,False,0.9625747203826904,11.549994468688965,10.505105972290039,1.2136753797531128,-0.0002471936750225723,-0.03238784521818161,0.0,-0.0012624517548829317,-0.8337985873222351,0.05369534716010094,0.17862997949123383,1,0
run 1,416,-0.012399228289723396,False,0.9625747203826904,11.549994468688965,10.505105972290039,1.2136753797531128,-0.0002471936750225723,-0.03238784521818161,0.0,-0.0012624517548829317,-0.8337985873222351,0.05369534716010094,0.17862997949123383,1,0
run 1,417,-0.005478881299495697,False,0.9625747203826904,11.549994468688965,10.505105972290039,1.2136753797531128,-0.0002471936750225723,-0.03238784521818161,0.0,-0.0012624517548829317,-0.8337985873222351,0.05369534716010094,0.17862997949123383,1,0
run 1,418,0.58734530210495,False,0.9625747203826904,11.549994468688965,10.505105972290039,1.2136753797531128,-0.0002471936750225723,-0.03238784521818161,0.0,-0.0012624517548829317,-0.8337985873222351,0.05369534716010094,0.17862997949123383,1,0
run 1,419,0.625590980052948,False,0.9625747203826904,11.549994468688965,10.505105972290039,1.2136753797531128,-0.0002471936750225723,-0.03238784521818161,0.0,-0.0012624517548829317,-0.8337985873222351,0.05369534716010094,0.17862997949123383,1,0
run 1,420,0.6173506379127502,False,0.9625747203826904,11.549994468688965,10.505105972290039,1.2136753797531128,-0.0002471936750225723,-0.03238784521818161,0.0,-0.0012624517548829317,-0.8337985873222351,0.05369534716010094,0.17862997949123383,1,0
run 1,421,0.6092205047607422,False,0.9625747203826904,11.549994468688965,10.505105972290039,1.2136753797531128,-0.0002471936750225723,-0.03238784521818161,0.0,-0.0012624517548829317,-0.8337985873222351,0.05369534716010094,0.17862997949123383,1,0
run 1,422,0.6172819137573242,False,0.9625747203826904,11.549994468688965,10.505105972290039,1.2136753797531128,-0.0002471936750225723,-0.03238784521818161,0.0,-0.0012624517548829317,-0.8337985873222351,0.05369534716010094,0.17862997949123383,1,0
run 1,423,0.6227733492851257,False,0.9625747203826904,11.549994468688965,10.505105972290039,1.2136753797531128,-0.0002471936750225723,-0.03238784521818161,0.0,-0.0012624517548829317,-0.8337985873222351,0.05369534716010094,0.17862997949123383,1,0
run 1,424,0.6204221248626709,False,0.9625747203826904,11.549994468688965,10.505105972290039,1.2136753797531128,-0.0002471936750225723,-0.03238784521818161,0.0,-0.0012624517548829317,-0.8337985873222351,0.05369534716010094,0.17862997949123383,1,0
run 1,425,0.61424720287323,False,0.9625747203826904,11.549994468688965,10.505105972290039,1.2136753797531128,-0.0002471936750225723,-0.03238784521818161,0.0,-0.0012624517548829317,-0.8337985873222351,0.05369534716010094,0.17862997949123383,1,0
run 1,426,0.6251567602157593,False,0.9625747203826904,11.549994468688965,10.505105972290039,1.2136753797531128,-0.0002471936750225723,-0.03238784521818161,0.0,-0.0012624517548829317,-0.8337985873222351,0.05369534716010094,0.17862997949123383,1,0
run 1,427,0.6241800785064697,False,0.9625747203826904,11.549994468688965,10.505105972290039,1.2136753797531128,-0.0002471936750225723,-0.03238784521818161,0.0,-0.0012624517548829317,-0.8337985873222351,0.05369534716010094,0.17862997949123383,1,0
run 1,428,0.6285562515258789,False,0.9625747203826904,11.549994468688965,10.505105972290039,1.2136753797531128,-0.0002471936750225723,-0.03238784521818161,0.0,-0.0012624517548829317,-0.8337985873222351,0.05369534716010094,0.17862997949123383,1,0
run 1,429,0.6261187195777893,False,0.9625747203826904,11.549994468688965,10.505105972290039,1.2136753797531128,-0.0002471936750225723,-0.03238784521818161,0.0,-0.0012624517548829317,-0.8337985873222351,0.05369534716010094,0.17862997949123383,1,0
run 1,430,0.6097778677940369,False,0.9625747203826904,11.549994468688965,10.505105972290039,1.2136753797531128,-0.0002471936750225723,-0.03238784521818161,0.0,-0.0012624517548829317,-0.8337985873222351,0.05369534716010094,0.17862997949123383,1,0
