Run,Step,Reward,Dones,log/Episode_Reward/reaching_object,log/Episode_Reward/lifting_object,log/Episode_Reward/object_goal_tracking,log/Episode_Reward/object_goal_tracking_fine_grained,log/Episode_Reward/action_rate,log/Episode_Reward/joint_vel,log/Episode_Reward/object_drop,log/Episode_Reward/joint_deviation,log/Episode_Reward/applied_torque_limits,log/Metrics/object_pose/position_error,log/Metrics/object_pose/orientation_error,log/Episode_Termination/time_out,log/Episode_Termination/object_dropping
1,1,-0.0641465336084365,False,0.0,0.0,0.0,0.0,0.0,0.0,0.0,0.0,0.0,0.0,0.0,0.0,0.0
1,2,-0.0310774929821491,False,0.0,0.0,0.0,0.0,0.0,0.0,0.0,0.0,0.0,0.0,0.0,0.0,0.0
1,3,-0.0044741155579686,False,0.0,0.0,0.0,0.0,0.0,0.0,0.0,0.0,0.0,0.0,0.0,0.0,0.0
1,4,0.0100718261674046,False,0.0,0.0,0.0,0.0,0.0,0.0,0.0,0.0,0.0,0.0,0.0,0.0,0.0
1,5,-0.0065213050693273,False,0.0,0.0,0.0,0.0,0.0,0.0,0.0,0.0,0.0,0.0,0.0,0.0,0.0
1,6,-0.0082213412970304,False,0.0,0.0,0.0,0.0,0.0,0.0,0.0,0.0,0.0,0.0,0.0,0.0,0.0
1,7,-0.0090786516666412,False,0.0,0.0,0.0,0.0,0.0,0.0,0.0,0.0,0.0,0.0,0.0,0.0,0.0
1,8,-0.0014011915773153,False,0.0,0.0,0.0,0.0,0.0,0.0,0.0,0.0,0.0,0.0,0.0,0.0,0.0
1,9,0.0180711466819047,False,0.0,0.0,0.0,0.0,0.0,0.0,0.0,0.0,0.0,0.0,0.0,0.0,0.0
1,10,0.0131192691624164,False,0.0,0.0,0.0,0.0,0.0,0.0,0.0,0.0,0.0,0.0,0.0,0.0,0.0
1,11,-0.0066230129450559,False,0.0,0.0,0.0,0.0,0.0,0.0,0.0,0.0,0.0,0.0,0.0,0.0,0.0
1,12,0.0007616020739078,False,0.0,0.0,0.0,0.0,0.0,0.0,0.0,0.0,0.0,0.0,0.0,0.0,0.0
1,13,0.0084892129525542,False,0.0,0.0,0.0,0.0,0.0,0.0,0.0,0.0,0.0,0.0,0.0,0.0,0.0
1,14,0.0130422785878181,False,0.0,0.0,0.0,0.0,0.0,0.0,0.0,0.0,0.0,0.0,0.0,0.0,0.0
1,15,0.0142929665744304,False,0.0,0.0,0.0,0.0,0.0,0.0,0.0,0.0,0.0,0.0,0.0,0.0,0.0
1,16,0.0157320890575647,False,0.0,0.0,0.0,0.0,0.0,0.0,0.0,0.0,0.0,0.0,0.0,0.0,0.0
1,17,0.6089538335800171,False,0.0,0.0,0.0,0.0,0.0,0.0,0.0,0.0,0.0,0.0,0.0,0.0,0.0
1,18,0.6126972436904907,False,0.0,0.0,0.0,0.0,0.0,0.0,0.0,0.0,0.0,0.0,0.0,0.0,0.0
1,19,0.6121616363525391,False,0.0,0.0,0.0,0.0,0.0,0.0,0.0,0.0,0.0,0.0,0.0,0.0,0.0
1,20,0.6152865290641785,False,0.0,0.0,0.0,0.0,0.0,0.0,0.0,0.0,0.0,0.0,0.0,0.0,0.0
1,21,0.6166176795959473,False,0.0,0.0,0.0,0.0,0.0,0.0,0.0,0.0,0.0,0.0,0.0,0.0,0.0
1,22,0.6129599809646606,False,0.0,0.0,0.0,0.0,0.0,0.0,0.0,0.0,0.0,0.0,0.0,0.0,0.0
1,23,0.6136727333068848,False,0.0,0.0,0.0,0.0,0.0,0.0,0.0,0.0,0.0,0.0,0.0,0.0,0.0
1,24,0.6115762591362,False,0.0,0.0,0.0,0.0,0.0,0.0,0.0,0.0,0.0,0.0,0.0,0.0,0.0
1,25,0.6121575236320496,False,0.0,0.0,0.0,0.0,0.0,0.0,0.0,0.0,0.0,0.0,0.0,0.0,0.0
1,26,0.6111261248588562,False,0.0,0.0,0.0,0.0,0.0,0.0,0.0,0.0,0.0,0.0,0.0,0.0,0.0
1,27,0.6082223653793335,False,0.0,0.0,0.0,0.0,0.0,0.0,0.0,0.0,0.0,0.0,0.0,0.0,0.0
1,28,0.6055194139480591,False,0.0,0.0,0.0,0.0,0.0,0.0,0.0,0.0,0.0,0.0,0.0,0.0,0.0
1,29,0.6035737991333008,False,0.0,0.0,0.0,0.0,0.0,0.0,0.0,0.0,0.0,0.0,0.0,0.0,0.0
1,30,0.6019590497016907,False,0.0,0.0,0.0,0.0,0.0,0.0,0.0,0.0,0.0,0.0,0.0,0.0,0.0
1,31,0.6003960371017456,False,0.0,0.0,0.0,0.0,0.0,0.0,0.0,0.0,0.0,0.0,0.0,0.0,0.0
1,32,0.5988354086875916,False,0.0,0.0,0.0,0.0,0.0,0.0,0.0,0.0,0.0,0.0,0.0,0.0,0.0
1,33,0.5973782539367676,False,0.0,0.0,0.0,0.0,0.0,0.0,0.0,0.0,0.0,0.0,0.0,0.0,0.0
1,34,0.59607994556427,False,0.0,0.0,0.0,0.0,0.0,0.0,0.0,0.0,0.0,0.0,0.0,0.0,0.0
1,35,0.5949527025222778,False,0.0,0.0,0.0,0.0,0.0,0.0,0.0,0.0,0.0,0.0,0.0,0.0,0.0
1,36,0.593995988368988,False,0.0,0.0,0.0,0.0,0.0,0.0,0.0,0.0,0.0,0.0,0.0,0.0,0.0
1,37,0.5932077765464783,False,0.0,0.0,0.0,0.0,0.0,0.0,0.0,0.0,0.0,0.0,0.0,0.0,0.0
1,38,0.5925843715667725,False,0.0,0.0,0.0,0.0,0.0,0.0,0.0,0.0,0.0,0.0,0.0,0.0,0.0
1,39,0.5921181440353394,False,0.0,0.0,0.0,0.0,0.0,0.0,0.0,0.0,0.0,0.0,0.0,0.0,0.0
1,40,0.5917943120002747,False,0.0,0.0,0.0,0.0,0.0,0.0,0.0,0.0,0.0,0.0,0.0,0.0,0.0
1,41,0.5915921926498413,False,0.0,0.0,0.0,0.0,0.0,0.0,0.0,0.0,0.0,0.0,0.0,0.0,0.0
1,42,0.5914902091026306,False,0.0,0.0,0.0,0.0,0.0,0.0,0.0,0.0,0.0,0.0,0.0,0.0,0.0
1,43,0.5914633870124817,False,0.0,0.0,0.0,0.0,0.0,0.0,0.0,0.0,0.0,0.0,0.0,0.0,0.0
1,44,0.5914910435676575,False,0.0,0.0,0.0,0.0,0.0,0.0,0.0,0.0,0.0,0.0,0.0,0.0,0.0
1,45,0.5915549397468567,False,0.0,0.0,0.0,0.0,0.0,0.0,0.0,0.0,0.0,0.0,0.0,0.0,0.0
1,46,0.5916423797607422,False,0.0,0.0,0.0,0.0,0.0,0.0,0.0,0.0,0.0,0.0,0.0,0.0,0.0
1,47,0.5917435884475708,False,0.0,0.0,0.0,0.0,0.0,0.0,0.0,0.0,0.0,0.0,0.0,0.0,0.0
1,48,0.5918510556221008,False,0.0,0.0,0.0,0.0,0.0,0.0,0.0,0.0,0.0,0.0,0.0,0.0,0.0
1,49,0.5919601917266846,False,0.0,0.0,0.0,0.0,0.0,0.0,0.0,0.0,0.0,0.0,0.0,0.0,0.0
1,50,0.592067301273346,False,0.0,0.0,0.0,0.0,0.0,0.0,0.0,0.0,0.0,0.0,0.0,0.0,0.0
1,51,0.5921691656112671,False,0.0,0.0,0.0,0.0,0.0,0.0,0.0,0.0,0.0,0.0,0.0,0.0,0.0
1,52,0.631286084651947,False,0.0,0.0,0.0,0.0,0.0,0.0,0.0,0.0,0.0,0.0,0.0,0.0,0.0
1,53,0.6315580010414124,False,0.0,0.0,0.0,0.0,0.0,0.0,0.0,0.0,0.0,0.0,0.0,0.0,0.0
1,54,0.6318926811218262,False,0.0,0.0,0.0,0.0,0.0,0.0,0.0,0.0,0.0,0.0,0.0,0.0,0.0
1,55,0.6321499943733215,False,0.0,0.0,0.0,0.0,0.0,0.0,0.0,0.0,0.0,0.0,0.0,0.0,0.0
1,56,0.632388710975647,False,0.0,0.0,0.0,0.0,0.0,0.0,0.0,0.0,0.0,0.0,0.0,0.0,0.0
1,57,0.632646918296814,False,0.0,0.0,0.0,0.0,0.0,0.0,0.0,0.0,0.0,0.0,0.0,0.0,0.0
1,58,0.632910966873169,False,0.0,0.0,0.0,0.0,0.0,0.0,0.0,0.0,0.0,0.0,0.0,0.0,0.0
1,59,0.6331773400306702,False,0.0,0.0,0.0,0.0,0.0,0.0,0.0,0.0,0.0,0.0,0.0,0.0,0.0
1,60,0.6334442496299744,False,0.0,0.0,0.0,0.0,0.0,0.0,0.0,0.0,0.0,0.0,0.0,0.0,0.0
1,61,0.6337151527404785,False,0.0,0.0,0.0,0.0,0.0,0.0,0.0,0.0,0.0,0.0,0.0,0.0,0.0
1,62,0.6339876651763916,False,0.0,0.0,0.0,0.0,0.0,0.0,0.0,0.0,0.0,0.0,0.0,0.0,0.0
1,63,0.6342625021934509,False,0.0,0.0,0.0,0.0,0.0,0.0,0.0,0.0,0.0,0.0,0.0,0.0,0.0
1,64,0.6345384120941162,False,0.0,0.0,0.0,0.0,0.0,0.0,0.0,0.0,0.0,0.0,0.0,0.0,0.0
1,65,0.6348159313201904,False,0.0,0.0,0.0,0.0,0.0,0.0,0.0,0.0,0.0,0.0,0.0,0.0,0.0
1,66,0.635094404220581,False,0.0,0.0,0.0,0.0,0.0,0.0,0.0,0.0,0.0,0.0,0.0,0.0,0.0
1,67,0.6353746056556702,False,0.0,0.0,0.0,0.0,0.0,0.0,0.0,0.0,0.0,0.0,0.0,0.0,0.0
1,68,0.6356555819511414,False,0.0,0.0,0.0,0.0,0.0,0.0,0.0,0.0,0.0,0.0,0.0,0.0,0.0
1,69,0.6359373927116394,False,0.0,0.0,0.0,0.0,0.0,0.0,0.0,0.0,0.0,0.0,0.0,0.0,0.0
1,70,0.6362190842628479,False,0.0,0.0,0.0,0.0,0.0,0.0,0.0,0.0,0.0,0.0,0.0,0.0,0.0
1,71,0.636501133441925,False,0.0,0.0,0.0,0.0,0.0,0.0,0.0,0.0,0.0,0.0,0.0,0.0,0.0
1,72,0.6367818713188171,False,0.0,0.0,0.0,0.0,0.0,0.0,0.0,0.0,0.0,0.0,0.0,0.0,0.0
1,73,0.6370621919631958,False,0.0,0.0,0.0,0.0,0.0,0.0,0.0,0.0,0.0,0.0,0.0,0.0,0.0
1,74,0.6373395323753357,False,0.0,0.0,0.0,0.0,0.0,0.0,0.0,0.0,0.0,0.0,0.0,0.0,0.0
1,75,0.6376152634620667,False,0.0,0.0,0.0,0.0,0.0,0.0,0.0,0.0,0.0,0.0,0.0,0.0,0.0
1,76,0.6378886103630066,False,0.0,0.0,0.0,0.0,0.0,0.0,0.0,0.0,0.0,0.0,0.0,0.0,0.0
1,77,0.6381599307060242,False,0.0,0.0,0.0,0.0,0.0,0.0,0.0,0.0,0.0,0.0,0.0,0.0,0.0
1,78,0.6384284496307373,False,0.0,0.0,0.0,0.0,0.0,0.0,0.0,0.0,0.0,0.0,0.0,0.0,0.0
1,79,0.6386944651603699,False,0.0,0.0,0.0,0.0,0.0,0.0,0.0,0.0,0.0,0.0,0.0,0.0,0.0
1,80,0.6389560103416443,False,0.0,0.0,0.0,0.0,0.0,0.0,0.0,0.0,0.0,0.0,0.0,0.0,0.0
1,81,0.6392141580581665,False,0.0,0.0,0.0,0.0,0.0,0.0,0.0,0.0,0.0,0.0,0.0,0.0,0.0
1,82,0.6394683718681335,False,0.0,0.0,0.0,0.0,0.0,0.0,0.0,0.0,0.0,0.0,0.0,0.0,0.0
1,83,0.6397180557250977,False,0.0,0.0,0.0,0.0,0.0,0.0,0.0,0.0,0.0,0.0,0.0,0.0,0.0
1,84,0.6399635076522827,False,0.0,0.0,0.0,0.0,0.0,0.0,0.0,0.0,0.0,0.0,0.0,0.0,0.0
1,85,0.6402033567428589,False,0.0,0.0,0.0,0.0,0.0,0.0,0.0,0.0,0.0,0.0,0.0,0.0,0.0
1,86,0.6404387354850769,False,0.0,0.0,0.0,0.0,0.0,0.0,0.0,0.0,0.0,0.0,0.0,0.0,0.0
1,87,0.6406677961349487,False,0.0,0.0,0.0,0.0,0.0,0.0,0.0,0.0,0.0,0.0,0.0,0.0,0.0
1,88,0.6408921480178833,False,0.0,0.0,0.0,0.0,0.0,0.0,0.0,0.0,0.0,0.0,0.0,0.0,0.0
1,89,0.6411105990409851,False,0.0,0.0,0.0,0.0,0.0,0.0,0.0,0.0,0.0,0.0,0.0,0.0,0.0
1,90,0.6413227915763855,False,0.0,0.0,0.0,0.0,0.0,0.0,0.0,0.0,0.0,0.0,0.0,0.0,0.0
1,91,0.6415291428565979,False,0.0,0.0,0.0,0.0,0.0,0.0,0.0,0.0,0.0,0.0,0.0,0.0,0.0
1,92,0.6417290568351746,False,0.0,0.0,0.0,0.0,0.0,0.0,0.0,0.0,0.0,0.0,0.0,0.0,0.0
1,93,0.6419215798377991,False,0.0,0.0,0.0,0.0,0.0,0.0,0.0,0.0,0.0,0.0,0.0,0.0,0.0
1,94,0.6421089172363281,False,0.0,0.0,0.0,0.0,0.0,0.0,0.0,0.0,0.0,0.0,0.0,0.0,0.0
1,95,0.6422893404960632,False,0.0,0.0,0.0,0.0,0.0,0.0,0.0,0.0,0.0,0.0,0.0,0.0,0.0
1,96,0.6424633264541626,False,0.0,0.0,0.0,0.0,0.0,0.0,0.0,0.0,0.0,0.0,0.0,0.0,0.0
1,97,0.6426315903663635,False,0.0,0.0,0.0,0.0,0.0,0.0,0.0,0.0,0.0,0.0,0.0,0.0,0.0
1,98,0.6427932381629944,False,0.0,0.0,0.0,0.0,0.0,0.0,0.0,0.0,0.0,0.0,0.0,0.0,0.0
1,99,0.6429486274719238,False,0.0,0.0,0.0,0.0,0.0,0.0,0.0,0.0,0.0,0.0,0.0,0.0,0.0
1,100,0.6430982351303101,False,0.9334754347801208,12.59999179840088,11.468417167663574,1.273525953292847,-2.826501258823555e-05,-0.0176166594028472,0.0,-0.0001360058377031,-0.1506929546594619,0.0301164705306291,0.3084660470485687,1.0,0.0
1,101,-0.0465731285512447,False,0.9334754347801208,12.59999179840088,11.468417167663574,1.273525953292847,-2.826501258823555e-05,-0.0176166594028472,0.0,-0.0001360058377031,-0.1506929546594619,0.0301164705306291,0.3084660470485687,1.0,0.0
1,102,-0.031371597200632,False,0.9334754347801208,12.59999179840088,11.468417167663574,1.273525953292847,-2.826501258823555e-05,-0.0176166594028472,0.0,-0.0001360058377031,-0.1506929546594619,0.0301164705306291,0.3084660470485687,1.0,0.0
1,103,0.007262747734785,False,0.9334754347801208,12.59999179840088,11.468417167663574,1.273525953292847,-2.826501258823555e-05,-0.0176166594028472,0.0,-0.0001360058377031,-0.1506929546594619,0.0301164705306291,0.3084660470485687,1.0,0.0
1,104,-0.0019582901149988,False,0.9334754347801208,12.59999179840088,11.468417167663574,1.273525953292847,-2.826501258823555e-05,-0.0176166594028472,0.0,-0.0001360058377031,-0.1506929546594619,0.0301164705306291,0.3084660470485687,1.0,0.0
1,105,-0.0110183153301477,False,0.9334754347801208,12.59999179840088,11.468417167663574,1.273525953292847,-2.826501258823555e-05,-0.0176166594028472,0.0,-0.0001360058377031,-0.1506929546594619,0.0301164705306291,0.3084660470485687,1.0,0.0
1,106,-0.0190168619155883,False,0.9334754347801208,12.59999179840088,11.468417167663574,1.273525953292847,-2.826501258823555e-05,-0.0176166594028472,0.0,-0.0001360058377031,-0.1506929546594619,0.0301164705306291,0.3084660470485687,1.0,0.0
1,107,0.0048397686332464,False,0.9334754347801208,12.59999179840088,11.468417167663574,1.273525953292847,-2.826501258823555e-05,-0.0176166594028472,0.0,-0.0001360058377031,-0.1506929546594619,0.0301164705306291,0.3084660470485687,1.0,0.0
1,108,0.0091970711946487,False,0.9334754347801208,12.59999179840088,11.468417167663574,1.273525953292847,-2.826501258823555e-05,-0.0176166594028472,0.0,-0.0001360058377031,-0.1506929546594619,0.0301164705306291,0.3084660470485687,1.0,0.0
1,109,0.0114174736663699,False,0.9334754347801208,12.59999179840088,11.468417167663574,1.273525953292847,-2.826501258823555e-05,-0.0176166594028472,0.0,-0.0001360058377031,-0.1506929546594619,0.0301164705306291,0.3084660470485687,1.0,0.0
1,110,0.0181032419204711,False,0.9334754347801208,12.59999179840088,11.468417167663574,1.273525953292847,-2.826501258823555e-05,-0.0176166594028472,0.0,-0.0001360058377031,-0.1506929546594619,0.0301164705306291,0.3084660470485687,1.0,0.0
1,111,0.6265069246292114,False,0.9334754347801208,12.59999179840088,11.468417167663574,1.273525953292847,-2.826501258823555e-05,-0.0176166594028472,0.0,-0.0001360058377031,-0.1506929546594619,0.0301164705306291,0.3084660470485687,1.0,0.0
1,112,0.627490758895874,False,0.9334754347801208,12.59999179840088,11.468417167663574,1.273525953292847,-2.826501258823555e-05,-0.0176166594028472,0.0,-0.0001360058377031,-0.1506929546594619,0.0301164705306291,0.3084660470485687,1.0,0.0
1,113,0.6267318725585938,False,0.9334754347801208,12.59999179840088,11.468417167663574,1.273525953292847,-2.826501258823555e-05,-0.0176166594028472,0.0,-0.0001360058377031,-0.1506929546594619,0.0301164705306291,0.3084660470485687,1.0,0.0
1,114,0.6256668567657471,False,0.9334754347801208,12.59999179840088,11.468417167663574,1.273525953292847,-2.826501258823555e-05,-0.0176166594028472,0.0,-0.0001360058377031,-0.1506929546594619,0.0301164705306291,0.3084660470485687,1.0,0.0
1,115,0.6247573494911194,False,0.9334754347801208,12.59999179840088,11.468417167663574,1.273525953292847,-2.826501258823555e-05,-0.0176166594028472,0.0,-0.0001360058377031,-0.1506929546594619,0.0301164705306291,0.3084660470485687,1.0,0.0
1,116,0.6241500973701477,False,0.9334754347801208,12.59999179840088,11.468417167663574,1.273525953292847,-2.826501258823555e-05,-0.0176166594028472,0.0,-0.0001360058377031,-0.1506929546594619,0.0301164705306291,0.3084660470485687,1.0,0.0
1,117,0.6238148808479309,False,0.9334754347801208,12.59999179840088,11.468417167663574,1.273525953292847,-2.826501258823555e-05,-0.0176166594028472,0.0,-0.0001360058377031,-0.1506929546594619,0.0301164705306291,0.3084660470485687,1.0,0.0
1,118,0.6236621737480164,False,0.9334754347801208,12.59999179840088,11.468417167663574,1.273525953292847,-2.826501258823555e-05,-0.0176166594028472,0.0,-0.0001360058377031,-0.1506929546594619,0.0301164705306291,0.3084660470485687,1.0,0.0
1,119,0.6236220002174377,False,0.9334754347801208,12.59999179840088,11.468417167663574,1.273525953292847,-2.826501258823555e-05,-0.0176166594028472,0.0,-0.0001360058377031,-0.1506929546594619,0.0301164705306291,0.3084660470485687,1.0,0.0
1,120,0.6236947774887085,False,0.9334754347801208,12.59999179840088,11.468417167663574,1.273525953292847,-2.826501258823555e-05,-0.0176166594028472,0.0,-0.0001360058377031,-0.1506929546594619,0.0301164705306291,0.3084660470485687,1.0,0.0
1,121,0.6238747835159302,False,0.9334754347801208,12.59999179840088,11.468417167663574,1.273525953292847,-2.826501258823555e-05,-0.0176166594028472,0.0,-0.0001360058377031,-0.1506929546594619,0.0301164705306291,0.3084660470485687,1.0,0.0
1,122,0.6241468787193298,False,0.9334754347801208,12.59999179840088,11.468417167663574,1.273525953292847,-2.826501258823555e-05,-0.0176166594028472,0.0,-0.0001360058377031,-0.1506929546594619,0.0301164705306291,0.3084660470485687,1.0,0.0
1,123,0.6244977712631226,False,0.9334754347801208,12.59999179840088,11.468417167663574,1.273525953292847,-2.826501258823555e-05,-0.0176166594028472,0.0,-0.0001360058377031,-0.1506929546594619,0.0301164705306291,0.3084660470485687,1.0,0.0
1,124,0.6249092221260071,False,0.9334754347801208,12.59999179840088,11.468417167663574,1.273525953292847,-2.826501258823555e-05,-0.0176166594028472,0.0,-0.0001360058377031,-0.1506929546594619,0.0301164705306291,0.3084660470485687,1.0,0.0
1,125,0.6253702044487,False,0.9334754347801208,12.59999179840088,11.468417167663574,1.273525953292847,-2.826501258823555e-05,-0.0176166594028472,0.0,-0.0001360058377031,-0.1506929546594619,0.0301164705306291,0.3084660470485687,1.0,0.0
1,126,0.6258654594421387,False,0.9334754347801208,12.59999179840088,11.468417167663574,1.273525953292847,-2.826501258823555e-05,-0.0176166594028472,0.0,-0.0001360058377031,-0.1506929546594619,0.0301164705306291,0.3084660470485687,1.0,0.0
1,127,0.6263774037361145,False,0.9334754347801208,12.59999179840088,11.468417167663574,1.273525953292847,-2.826501258823555e-05,-0.0176166594028472,0.0,-0.0001360058377031,-0.1506929546594619,0.0301164705306291,0.3084660470485687,1.0,0.0
1,128,0.6268958449363708,False,0.9334754347801208,12.59999179840088,11.468417167663574,1.273525953292847,-2.826501258823555e-05,-0.0176166594028472,0.0,-0.0001360058377031,-0.1506929546594619,0.0301164705306291,0.3084660470485687,1.0,0.0
1,129,0.6274071931838989,False,0.9334754347801208,12.59999179840088,11.468417167663574,1.273525953292847,-2.826501258823555e-05,-0.0176166594028472,0.0,-0.0001360058377031,-0.1506929546594619,0.0301164705306291,0.3084660470485687,1.0,0.0
1,130,0.6279042363166809,False,0.9334754347801208,12.59999179840088,11.468417167663574,1.273525953292847,-2.826501258823555e-05,-0.0176166594028472,0.0,-0.0001360058377031,-0.1506929546594619,0.0301164705306291,0.3084660470485687,1.0,0.0
1,131,0.6283802390098572,False,0.9334754347801208,12.59999179840088,11.468417167663574,1.273525953292847,-2.826501258823555e-05,-0.0176166594028472,0.0,-0.0001360058377031,-0.1506929546594619,0.0301164705306291,0.3084660470485687,1.0,0.0
1,132,0.6288281083106995,False,0.9334754347801208,12.59999179840088,11.468417167663574,1.273525953292847,-2.826501258823555e-05,-0.0176166594028472,0.0,-0.0001360058377031,-0.1506929546594619,0.0301164705306291,0.3084660470485687,1.0,0.0
1,133,0.6292467713356018,False,0.9334754347801208,12.59999179840088,11.468417167663574,1.273525953292847,-2.826501258823555e-05,-0.0176166594028472,0.0,-0.0001360058377031,-0.1506929546594619,0.0301164705306291,0.3084660470485687,1.0,0.0
1,134,0.6296332478523254,False,0.9334754347801208,12.59999179840088,11.468417167663574,1.273525953292847,-2.826501258823555e-05,-0.0176166594028472,0.0,-0.0001360058377031,-0.1506929546594619,0.0301164705306291,0.3084660470485687,1.0,0.0
1,135,0.6299861669540405,False,0.9334754347801208,12.59999179840088,11.468417167663574,1.273525953292847,-2.826501258823555e-05,-0.0176166594028472,0.0,-0.0001360058377031,-0.1506929546594619,0.0301164705306291,0.3084660470485687,1.0,0.0
1,136,0.6303070783615112,False,0.9334754347801208,12.59999179840088,11.468417167663574,1.273525953292847,-2.826501258823555e-05,-0.0176166594028472,0.0,-0.0001360058377031,-0.1506929546594619,0.0301164705306291,0.3084660470485687,1.0,0.0
1,137,0.6305869817733765,False,0.9334754347801208,12.59999179840088,11.468417167663574,1.273525953292847,-2.826501258823555e-05,-0.0176166594028472,0.0,-0.0001360058377031,-0.1506929546594619,0.0301164705306291,0.3084660470485687,1.0,0.0
1,138,0.630835771560669,False,0.9334754347801208,12.59999179840088,11.468417167663574,1.273525953292847,-2.826501258823555e-05,-0.0176166594028472,0.0,-0.0001360058377031,-0.1506929546594619,0.0301164705306291,0.3084660470485687,1.0,0.0
1,139,0.6310456395149231,False,0.9334754347801208,12.59999179840088,11.468417167663574,1.273525953292847,-2.826501258823555e-05,-0.0176166594028472,0.0,-0.0001360058377031,-0.1506929546594619,0.0301164705306291,0.3084660470485687,1.0,0.0
1,140,0.6312206983566284,False,0.9334754347801208,12.59999179840088,11.468417167663574,1.273525953292847,-2.826501258823555e-05,-0.0176166594028472,0.0,-0.0001360058377031,-0.1506929546594619,0.0301164705306291,0.3084660470485687,1.0,0.0
1,141,0.6313628554344177,False,0.9334754347801208,12.59999179840088,11.468417167663574,1.273525953292847,-2.826501258823555e-05,-0.0176166594028472,0.0,-0.0001360058377031,-0.1506929546594619,0.0301164705306291,0.3084660470485687,1.0,0.0
1,142,0.6314669847488403,False,0.9334754347801208,12.59999179840088,11.468417167663574,1.273525953292847,-2.826501258823555e-05,-0.0176166594028472,0.0,-0.0001360058377031,-0.1506929546594619,0.0301164705306291,0.3084660470485687,1.0,0.0
1,143,0.6315385103225708,False,0.9334754347801208,12.59999179840088,11.468417167663574,1.273525953292847,-2.826501258823555e-05,-0.0176166594028472,0.0,-0.0001360058377031,-0.1506929546594619,0.0301164705306291,0.3084660470485687,1.0,0.0
1,144,0.6315768957138062,False,0.9334754347801208,12.59999179840088,11.468417167663574,1.273525953292847,-2.826501258823555e-05,-0.0176166594028472,0.0,-0.0001360058377031,-0.1506929546594619,0.0301164705306291,0.3084660470485687,1.0,0.0
1,145,0.6315821409225464,False,0.9334754347801208,12.59999179840088,11.468417167663574,1.273525953292847,-2.826501258823555e-05,-0.0176166594028472,0.0,-0.0001360058377031,-0.1506929546594619,0.0301164705306291,0.3084660470485687,1.0,0.0
1,146,0.6315556168556213,False,0.9334754347801208,12.59999179840088,11.468417167663574,1.273525953292847,-2.826501258823555e-05,-0.0176166594028472,0.0,-0.0001360058377031,-0.1506929546594619,0.0301164705306291,0.3084660470485687,1.0,0.0
1,147,0.63149493932724,False,0.9334754347801208,12.59999179840088,11.468417167663574,1.273525953292847,-2.826501258823555e-05,-0.0176166594028472,0.0,-0.0001360058377031,-0.1506929546594619,0.0301164705306291,0.3084660470485687,1.0,0.0
1,148,0.6314064264297485,False,0.9334754347801208,12.59999179840088,11.468417167663574,1.273525953292847,-2.826501258823555e-05,-0.0176166594028472,0.0,-0.0001360058377031,-0.1506929546594619,0.0301164705306291,0.3084660470485687,1.0,0.0
1,149,0.6312825083732605,False,0.9334754347801208,12.59999179840088,11.468417167663574,1.273525953292847,-2.826501258823555e-05,-0.0176166594028472,0.0,-0.0001360058377031,-0.1506929546594619,0.0301164705306291,0.3084660470485687,1.0,0.0
1,150,0.631133496761322,False,0.9334754347801208,12.59999179840088,11.468417167663574,1.273525953292847,-2.826501258823555e-05,-0.0176166594028472,0.0,-0.0001360058377031,-0.1506929546594619,0.0301164705306291,0.3084660470485687,1.0,0.0
1,151,0.6027025580406189,False,0.9334754347801208,12.59999179840088,11.468417167663574,1.273525953292847,-2.826501258823555e-05,-0.0176166594028472,0.0,-0.0001360058377031,-0.1506929546594619,0.0301164705306291,0.3084660470485687,1.0,0.0
1,152,0.6027097702026367,False,0.9334754347801208,12.59999179840088,11.468417167663574,1.273525953292847,-2.826501258823555e-05,-0.0176166594028472,0.0,-0.0001360058377031,-0.1506929546594619,0.0301164705306291,0.3084660470485687,1.0,0.0
1,153,0.6028616428375244,False,0.9334754347801208,12.59999179840088,11.468417167663574,1.273525953292847,-2.826501258823555e-05,-0.0176166594028472,0.0,-0.0001360058377031,-0.1506929546594619,0.0301164705306291,0.3084660470485687,1.0,0.0
1,154,0.6029661893844604,False,0.9334754347801208,12.59999179840088,11.468417167663574,1.273525953292847,-2.826501258823555e-05,-0.0176166594028472,0.0,-0.0001360058377031,-0.1506929546594619,0.0301164705306291,0.3084660470485687,1.0,0.0
1,155,0.6030365228652954,False,0.9334754347801208,12.59999179840088,11.468417167663574,1.273525953292847,-2.826501258823555e-05,-0.0176166594028472,0.0,-0.0001360058377031,-0.1506929546594619,0.0301164705306291,0.3084660470485687,1.0,0.0
1,156,0.6030405759811401,False,0.9334754347801208,12.59999179840088,11.468417167663574,1.273525953292847,-2.826501258823555e-05,-0.0176166594028472,0.0,-0.0001360058377031,-0.1506929546594619,0.0301164705306291,0.3084660470485687,1.0,0.0
1,157,0.6030139923095703,False,0.9334754347801208,12.59999179840088,11.468417167663574,1.273525953292847,-2.826501258823555e-05,-0.0176166594028472,0.0,-0.0001360058377031,-0.1506929546594619,0.0301164705306291,0.3084660470485687,1.0,0.0
1,158,0.6029496788978577,False,0.9334754347801208,12.59999179840088,11.468417167663574,1.273525953292847,-2.826501258823555e-05,-0.0176166594028472,0.0,-0.0001360058377031,-0.1506929546594619,0.0301164705306291,0.3084660470485687,1.0,0.0
1,159,0.6028794050216675,False,0.9334754347801208,12.59999179840088,11.468417167663574,1.273525953292847,-2.826501258823555e-05,-0.0176166594028472,0.0,-0.0001360058377031,-0.1506929546594619,0.0301164705306291,0.3084660470485687,1.0,0.0
1,160,0.6027952432632446,False,0.9334754347801208,12.59999179840088,11.468417167663574,1.273525953292847,-2.826501258823555e-05,-0.0176166594028472,0.0,-0.0001360058377031,-0.1506929546594619,0.0301164705306291,0.3084660470485687,1.0,0.0
1,161,0.602715253829956,False,0.9334754347801208,12.59999179840088,11.468417167663574,1.273525953292847,-2.826501258823555e-05,-0.0176166594028472,0.0,-0.0001360058377031,-0.1506929546594619,0.0301164705306291,0.3084660470485687,1.0,0.0
1,162,0.6026356220245361,False,0.9334754347801208,12.59999179840088,11.468417167663574,1.273525953292847,-2.826501258823555e-05,-0.0176166594028472,0.0,-0.0001360058377031,-0.1506929546594619,0.0301164705306291,0.3084660470485687,1.0,0.0
1,163,0.6025575399398804,False,0.9334754347801208,12.59999179840088,11.468417167663574,1.273525953292847,-2.826501258823555e-05,-0.0176166594028472,0.0,-0.0001360058377031,-0.1506929546594619,0.0301164705306291,0.3084660470485687,1.0,0.0
1,164,0.6024803519248962,False,0.9334754347801208,12.59999179840088,11.468417167663574,1.273525953292847,-2.826501258823555e-05,-0.0176166594028472,0.0,-0.0001360058377031,-0.1506929546594619,0.0301164705306291,0.3084660470485687,1.0,0.0
1,165,0.6024064421653748,False,0.9334754347801208,12.59999179840088,11.468417167663574,1.273525953292847,-2.826501258823555e-05,-0.0176166594028472,0.0,-0.0001360058377031,-0.1506929546594619,0.0301164705306291,0.3084660470485687,1.0,0.0
1,166,0.6023331880569458,False,0.9334754347801208,12.59999179840088,11.468417167663574,1.273525953292847,-2.826501258823555e-05,-0.0176166594028472,0.0,-0.0001360058377031,-0.1506929546594619,0.0301164705306291,0.3084660470485687,1.0,0.0
1,167,0.6022635102272034,False,0.9334754347801208,12.59999179840088,11.468417167663574,1.273525953292847,-2.826501258823555e-05,-0.0176166594028472,0.0,-0.0001360058377031,-0.1506929546594619,0.0301164705306291,0.3084660470485687,1.0,0.0
1,168,0.6021935939788818,False,0.9334754347801208,12.59999179840088,11.468417167663574,1.273525953292847,-2.826501258823555e-05,-0.0176166594028472,0.0,-0.0001360058377031,-0.1506929546594619,0.0301164705306291,0.3084660470485687,1.0,0.0
1,169,0.6021223068237305,False,0.9334754347801208,12.59999179840088,11.468417167663574,1.273525953292847,-2.826501258823555e-05,-0.0176166594028472,0.0,-0.0001360058377031,-0.1506929546594619,0.0301164705306291,0.3084660470485687,1.0,0.0
1,170,0.6020528078079224,False,0.9334754347801208,12.59999179840088,11.468417167663574,1.273525953292847,-2.826501258823555e-05,-0.0176166594028472,0.0,-0.0001360058377031,-0.1506929546594619,0.0301164705306291,0.3084660470485687,1.0,0.0
1,171,0.6019840836524963,False,0.9334754347801208,12.59999179840088,11.468417167663574,1.273525953292847,-2.826501258823555e-05,-0.0176166594028472,0.0,-0.0001360058377031,-0.1506929546594619,0.0301164705306291,0.3084660470485687,1.0,0.0
1,172,0.6019168496131897,False,0.9334754347801208,12.59999179840088,11.468417167663574,1.273525953292847,-2.826501258823555e-05,-0.0176166594028472,0.0,-0.0001360058377031,-0.1506929546594619,0.0301164705306291,0.3084660470485687,1.0,0.0
1,173,0.6018509268760681,False,0.9334754347801208,12.59999179840088,11.468417167663574,1.273525953292847,-2.826501258823555e-05,-0.0176166594028472,0.0,-0.0001360058377031,-0.1506929546594619,0.0301164705306291,0.3084660470485687,1.0,0.0
1,174,0.601790189743042,False,0.9334754347801208,12.59999179840088,11.468417167663574,1.273525953292847,-2.826501258823555e-05,-0.0176166594028472,0.0,-0.0001360058377031,-0.1506929546594619,0.0301164705306291,0.3084660470485687,1.0,0.0
1,175,0.6017330288887024,False,0.9334754347801208,12.59999179840088,11.468417167663574,1.273525953292847,-2.826501258823555e-05,-0.0176166594028472,0.0,-0.0001360058377031,-0.1506929546594619,0.0301164705306291,0.3084660470485687,1.0,0.0
1,176,0.6016727089881897,False,0.9334754347801208,12.59999179840088,11.468417167663574,1.273525953292847,-2.826501258823555e-05,-0.0176166594028472,0.0,-0.0001360058377031,-0.1506929546594619,0.0301164705306291,0.3084660470485687,1.0,0.0
1,177,0.6016160845756531,False,0.9334754347801208,12.59999179840088,11.468417167663574,1.273525953292847,-2.826501258823555e-05,-0.0176166594028472,0.0,-0.0001360058377031,-0.1506929546594619,0.0301164705306291,0.3084660470485687,1.0,0.0
1,178,0.6015586853027344,False,0.9334754347801208,12.59999179840088,11.468417167663574,1.273525953292847,-2.826501258823555e-05,-0.0176166594028472,0.0,-0.0001360058377031,-0.1506929546594619,0.0301164705306291,0.3084660470485687,1.0,0.0
1,179,0.6015031337738037,False,0.9334754347801208,12.59999179840088,11.468417167663574,1.273525953292847,-2.826501258823555e-05,-0.0176166594028472,0.0,-0.0001360058377031,-0.1506929546594619,0.0301164705306291,0.3084660470485687,1.0,0.0
1,180,0.6014485359191895,False,0.9334754347801208,12.59999179840088,11.468417167663574,1.273525953292847,-2.826501258823555e-05,-0.0176166594028472,0.0,-0.0001360058377031,-0.1506929546594619,0.0301164705306291,0.3084660470485687,1.0,0.0
1,181,0.601394772529602,False,0.9334754347801208,12.59999179840088,11.468417167663574,1.273525953292847,-2.826501258823555e-05,-0.0176166594028472,0.0,-0.0001360058377031,-0.1506929546594619,0.0301164705306291,0.3084660470485687,1.0,0.0
1,182,0.601344108581543,False,0.9334754347801208,12.59999179840088,11.468417167663574,1.273525953292847,-2.826501258823555e-05,-0.0176166594028472,0.0,-0.0001360058377031,-0.1506929546594619,0.0301164705306291,0.3084660470485687,1.0,0.0
1,183,0.6012955904006958,False,0.9334754347801208,12.59999179840088,11.468417167663574,1.273525953292847,-2.826501258823555e-05,-0.0176166594028472,0.0,-0.0001360058377031,-0.1506929546594619,0.0301164705306291,0.3084660470485687,1.0,0.0
1,184,0.6012560725212097,False,0.9334754347801208,12.59999179840088,11.468417167663574,1.273525953292847,-2.826501258823555e-05,-0.0176166594028472,0.0,-0.0001360058377031,-0.1506929546594619,0.0301164705306291,0.3084660470485687,1.0,0.0
1,185,0.6012134552001953,False,0.9334754347801208,12.59999179840088,11.468417167663574,1.273525953292847,-2.826501258823555e-05,-0.0176166594028472,0.0,-0.0001360058377031,-0.1506929546594619,0.0301164705306291,0.3084660470485687,1.0,0.0
1,186,0.6011784076690674,False,0.9334754347801208,12.59999179840088,11.468417167663574,1.273525953292847,-2.826501258823555e-05,-0.0176166594028472,0.0,-0.0001360058377031,-0.1506929546594619,0.0301164705306291,0.3084660470485687,1.0,0.0
1,187,0.6011452674865723,False,0.9334754347801208,12.59999179840088,11.468417167663574,1.273525953292847,-2.826501258823555e-05,-0.0176166594028472,0.0,-0.0001360058377031,-0.1506929546594619,0.0301164705306291,0.3084660470485687,1.0,0.0
1,188,0.6011140942573547,False,0.9334754347801208,12.59999179840088,11.468417167663574,1.273525953292847,-2.826501258823555e-05,-0.0176166594028472,0.0,-0.0001360058377031,-0.1506929546594619,0.0301164705306291,0.3084660470485687,1.0,0.0
1,189,0.6010860800743103,False,0.9334754347801208,12.59999179840088,11.468417167663574,1.273525953292847,-2.826501258823555e-05,-0.0176166594028472,0.0,-0.0001360058377031,-0.1506929546594619,0.0301164705306291,0.3084660470485687,1.0,0.0
1,190,0.6010549068450928,False,0.9334754347801208,12.59999179840088,11.468417167663574,1.273525953292847,-2.826501258823555e-05,-0.0176166594028472,0.0,-0.0001360058377031,-0.1506929546594619,0.0301164705306291,0.3084660470485687,1.0,0.0
1,191,0.6010300517082214,False,0.9334754347801208,12.59999179840088,11.468417167663574,1.273525953292847,-2.826501258823555e-05,-0.0176166594028472,0.0,-0.0001360058377031,-0.1506929546594619,0.0301164705306291,0.3084660470485687,1.0,0.0
1,192,0.6010060906410217,False,0.9334754347801208,12.59999179840088,11.468417167663574,1.273525953292847,-2.826501258823555e-05,-0.0176166594028472,0.0,-0.0001360058377031,-0.1506929546594619,0.0301164705306291,0.3084660470485687,1.0,0.0
1,193,0.6009848713874817,False,0.9334754347801208,12.59999179840088,11.468417167663574,1.273525953292847,-2.826501258823555e-05,-0.0176166594028472,0.0,-0.0001360058377031,-0.1506929546594619,0.0301164705306291,0.3084660470485687,1.0,0.0
1,194,0.6009688377380371,False,0.9334754347801208,12.59999179840088,11.468417167663574,1.273525953292847,-2.826501258823555e-05,-0.0176166594028472,0.0,-0.0001360058377031,-0.1506929546594619,0.0301164705306291,0.3084660470485687,1.0,0.0
1,195,0.600955069065094,False,0.9334754347801208,12.59999179840088,11.468417167663574,1.273525953292847,-2.826501258823555e-05,-0.0176166594028472,0.0,-0.0001360058377031,-0.1506929546594619,0.0301164705306291,0.3084660470485687,1.0,0.0
1,196,0.6009426712989807,False,0.9334754347801208,12.59999179840088,11.468417167663574,1.273525953292847,-2.826501258823555e-05,-0.0176166594028472,0.0,-0.0001360058377031,-0.1506929546594619,0.0301164705306291,0.3084660470485687,1.0,0.0
1,197,0.6009302139282227,False,0.9334754347801208,12.59999179840088,11.468417167663574,1.273525953292847,-2.826501258823555e-05,-0.0176166594028472,0.0,-0.0001360058377031,-0.1506929546594619,0.0301164705306291,0.3084660470485687,1.0,0.0
1,198,0.6009204387664795,False,0.9334754347801208,12.59999179840088,11.468417167663574,1.273525953292847,-2.826501258823555e-05,-0.0176166594028472,0.0,-0.0001360058377031,-0.1506929546594619,0.0301164705306291,0.3084660470485687,1.0,0.0
1,199,0.6009158492088318,False,0.9334754347801208,12.59999179840088,11.468417167663574,1.273525953292847,-2.826501258823555e-05,-0.0176166594028472,0.0,-0.0001360058377031,-0.1506929546594619,0.0301164705306291,0.3084660470485687,1.0,0.0
1,200,0.600915253162384,False,0.9452895522117616,13.49998950958252,12.089395523071287,1.155064582824707,-2.1664940504706465e-05,-0.0050568375736474,0.0,-0.0001594922359799,-0.1074403375387191,0.0541999414563179,0.1509016156196594,1.0,0.0
1,201,-0.0667502209544181,False,0.9452895522117616,13.49998950958252,12.089395523071287,1.155064582824707,-2.1664940504706465e-05,-0.0050568375736474,0.0,-0.0001594922359799,-0.1074403375387191,0.0541999414563179,0.1509016156196594,1.0,0.0
1,202,-0.0034603541716933,False,0.9452895522117616,13.49998950958252,12.089395523071287,1.155064582824707,-2.1664940504706465e-05,-0.0050568375736474,0.0,-0.0001594922359799,-0.1074403375387191,0.0541999414563179,0.1509016156196594,1.0,0.0
1,203,0.0119793005287647,False,0.9452895522117616,13.49998950958252,12.089395523071287,1.155064582824707,-2.1664940504706465e-05,-0.0050568375736474,0.0,-0.0001594922359799,-0.1074403375387191,0.0541999414563179,0.1509016156196594,1.0,0.0
1,204,0.0157764051109552,False,0.9452895522117616,13.49998950958252,12.089395523071287,1.155064582824707,-2.1664940504706465e-05,-0.0050568375736474,0.0,-0.0001594922359799,-0.1074403375387191,0.0541999414563179,0.1509016156196594,1.0,0.0
1,205,0.0057462882250547,False,0.9452895522117616,13.49998950958252,12.089395523071287,1.155064582824707,-2.1664940504706465e-05,-0.0050568375736474,0.0,-0.0001594922359799,-0.1074403375387191,0.0541999414563179,0.1509016156196594,1.0,0.0
1,206,-0.0045576635748147,False,0.9452895522117616,13.49998950958252,12.089395523071287,1.155064582824707,-2.1664940504706465e-05,-0.0050568375736474,0.0,-0.0001594922359799,-0.1074403375387191,0.0541999414563179,0.1509016156196594,1.0,0.0
1,207,-2.41696834564209e-05,False,0.9452895522117616,13.49998950958252,12.089395523071287,1.155064582824707,-2.1664940504706465e-05,-0.0050568375736474,0.0,-0.0001594922359799,-0.1074403375387191,0.0541999414563179,0.1509016156196594,1.0,0.0
1,208,-0.0016293115913867,False,0.9452895522117616,13.49998950958252,12.089395523071287,1.155064582824707,-2.1664940504706465e-05,-0.0050568375736474,0.0,-0.0001594922359799,-0.1074403375387191,0.0541999414563179,0.1509016156196594,1.0,0.0
1,209,0.0034964466467499,False,0.9452895522117616,13.49998950958252,12.089395523071287,1.155064582824707,-2.1664940504706465e-05,-0.0050568375736474,0.0,-0.0001594922359799,-0.1074403375387191,0.0541999414563179,0.1509016156196594,1.0,0.0
1,210,0.0126083213835954,False,0.9452895522117616,13.49998950958252,12.089395523071287,1.155064582824707,-2.1664940504706465e-05,-0.0050568375736474,0.0,-0.0001594922359799,-0.1074403375387191,0.0541999414563179,0.1509016156196594,1.0,0.0
1,211,0.6546187400817871,False,0.9452895522117616,13.49998950958252,12.089395523071287,1.155064582824707,-2.1664940504706465e-05,-0.0050568375736474,0.0,-0.0001594922359799,-0.1074403375387191,0.0541999414563179,0.1509016156196594,1.0,0.0
1,212,0.6522192358970642,False,0.9452895522117616,13.49998950958252,12.089395523071287,1.155064582824707,-2.1664940504706465e-05,-0.0050568375736474,0.0,-0.0001594922359799,-0.1074403375387191,0.0541999414563179,0.1509016156196594,1.0,0.0
1,213,0.6479259133338928,False,0.9452895522117616,13.49998950958252,12.089395523071287,1.155064582824707,-2.1664940504706465e-05,-0.0050568375736474,0.0,-0.0001594922359799,-0.1074403375387191,0.0541999414563179,0.1509016156196594,1.0,0.0
1,214,0.6424785256385803,False,0.9452895522117616,13.49998950958252,12.089395523071287,1.155064582824707,-2.1664940504706465e-05,-0.0050568375736474,0.0,-0.0001594922359799,-0.1074403375387191,0.0541999414563179,0.1509016156196594,1.0,0.0
1,215,0.6298928260803223,False,0.9452895522117616,13.49998950958252,12.089395523071287,1.155064582824707,-2.1664940504706465e-05,-0.0050568375736474,0.0,-0.0001594922359799,-0.1074403375387191,0.0541999414563179,0.1509016156196594,1.0,0.0
1,216,0.6427571773529053,False,0.9452895522117616,13.49998950958252,12.089395523071287,1.155064582824707,-2.1664940504706465e-05,-0.0050568375736474,0.0,-0.0001594922359799,-0.1074403375387191,0.0541999414563179,0.1509016156196594,1.0,0.0
1,217,0.6449827551841736,False,0.9452895522117616,13.49998950958252,12.089395523071287,1.155064582824707,-2.1664940504706465e-05,-0.0050568375736474,0.0,-0.0001594922359799,-0.1074403375387191,0.0541999414563179,0.1509016156196594,1.0,0.0
1,218,0.642512321472168,False,0.9452895522117616,13.49998950958252,12.089395523071287,1.155064582824707,-2.1664940504706465e-05,-0.0050568375736474,0.0,-0.0001594922359799,-0.1074403375387191,0.0541999414563179,0.1509016156196594,1.0,0.0
1,219,0.6420128345489502,False,0.9452895522117616,13.49998950958252,12.089395523071287,1.155064582824707,-2.1664940504706465e-05,-0.0050568375736474,0.0,-0.0001594922359799,-0.1074403375387191,0.0541999414563179,0.1509016156196594,1.0,0.0
1,220,0.643268346786499,False,0.9452895522117616,13.49998950958252,12.089395523071287,1.155064582824707,-2.1664940504706465e-05,-0.0050568375736474,0.0,-0.0001594922359799,-0.1074403375387191,0.0541999414563179,0.1509016156196594,1.0,0.0
1,221,0.641890287399292,False,0.9452895522117616,13.49998950958252,12.089395523071287,1.155064582824707,-2.1664940504706465e-05,-0.0050568375736474,0.0,-0.0001594922359799,-0.1074403375387191,0.0541999414563179,0.1509016156196594,1.0,0.0
1,222,0.6415538191795349,False,0.9452895522117616,13.49998950958252,12.089395523071287,1.155064582824707,-2.1664940504706465e-05,-0.0050568375736474,0.0,-0.0001594922359799,-0.1074403375387191,0.0541999414563179,0.1509016156196594,1.0,0.0
1,223,0.6408622860908508,False,0.9452895522117616,13.49998950958252,12.089395523071287,1.155064582824707,-2.1664940504706465e-05,-0.0050568375736474,0.0,-0.0001594922359799,-0.1074403375387191,0.0541999414563179,0.1509016156196594,1.0,0.0
1,224,0.6424640417098999,False,0.9452895522117616,13.49998950958252,12.089395523071287,1.155064582824707,-2.1664940504706465e-05,-0.0050568375736474,0.0,-0.0001594922359799,-0.1074403375387191,0.0541999414563179,0.1509016156196594,1.0,0.0
1,225,0.6470916271209717,False,0.9452895522117616,13.49998950958252,12.089395523071287,1.155064582824707,-2.1664940504706465e-05,-0.0050568375736474,0.0,-0.0001594922359799,-0.1074403375387191,0.0541999414563179,0.1509016156196594,1.0,0.0
1,226,0.648811399936676,False,0.9452895522117616,13.49998950958252,12.089395523071287,1.155064582824707,-2.1664940504706465e-05,-0.0050568375736474,0.0,-0.0001594922359799,-0.1074403375387191,0.0541999414563179,0.1509016156196594,1.0,0.0
1,227,0.6498674750328064,False,0.9452895522117616,13.49998950958252,12.089395523071287,1.155064582824707,-2.1664940504706465e-05,-0.0050568375736474,0.0,-0.0001594922359799,-0.1074403375387191,0.0541999414563179,0.1509016156196594,1.0,0.0
1,228,0.650791585445404,False,0.9452895522117616,13.49998950958252,12.089395523071287,1.155064582824707,-2.1664940504706465e-05,-0.0050568375736474,0.0,-0.0001594922359799,-0.1074403375387191,0.0541999414563179,0.1509016156196594,1.0,0.0
1,229,0.6514578461647034,False,0.9452895522117616,13.49998950958252,12.089395523071287,1.155064582824707,-2.1664940504706465e-05,-0.0050568375736474,0.0,-0.0001594922359799,-0.1074403375387191,0.0541999414563179,0.1509016156196594,1.0,0.0
1,230,0.6519519090652466,False,0.9452895522117616,13.49998950958252,12.089395523071287,1.155064582824707,-2.1664940504706465e-05,-0.0050568375736474,0.0,-0.0001594922359799,-0.1074403375387191,0.0541999414563179,0.1509016156196594,1.0,0.0
1,231,0.6523493528366089,False,0.9452895522117616,13.49998950958252,12.089395523071287,1.155064582824707,-2.1664940504706465e-05,-0.0050568375736474,0.0,-0.0001594922359799,-0.1074403375387191,0.0541999414563179,0.1509016156196594,1.0,0.0
1,232,0.6526128053665161,False,0.9452895522117616,13.49998950958252,12.089395523071287,1.155064582824707,-2.1664940504706465e-05,-0.0050568375736474,0.0,-0.0001594922359799,-0.1074403375387191,0.0541999414563179,0.1509016156196594,1.0,0.0
1,233,0.6528659462928772,False,0.9452895522117616,13.49998950958252,12.089395523071287,1.155064582824707,-2.1664940504706465e-05,-0.0050568375736474,0.0,-0.0001594922359799,-0.1074403375387191,0.0541999414563179,0.1509016156196594,1.0,0.0
1,234,0.6530625224113464,False,0.9452895522117616,13.49998950958252,12.089395523071287,1.155064582824707,-2.1664940504706465e-05,-0.0050568375736474,0.0,-0.0001594922359799,-0.1074403375387191,0.0541999414563179,0.1509016156196594,1.0,0.0
1,235,0.6533610820770264,False,0.9452895522117616,13.49998950958252,12.089395523071287,1.155064582824707,-2.1664940504706465e-05,-0.0050568375736474,0.0,-0.0001594922359799,-0.1074403375387191,0.0541999414563179,0.1509016156196594,1.0,0.0
1,236,0.65357506275177,False,0.9452895522117616,13.49998950958252,12.089395523071287,1.155064582824707,-2.1664940504706465e-05,-0.0050568375736474,0.0,-0.0001594922359799,-0.1074403375387191,0.0541999414563179,0.1509016156196594,1.0,0.0
1,237,0.6538708806037903,False,0.9452895522117616,13.49998950958252,12.089395523071287,1.155064582824707,-2.1664940504706465e-05,-0.0050568375736474,0.0,-0.0001594922359799,-0.1074403375387191,0.0541999414563179,0.1509016156196594,1.0,0.0
1,238,0.6540974378585815,False,0.9452895522117616,13.49998950958252,12.089395523071287,1.155064582824707,-2.1664940504706465e-05,-0.0050568375736474,0.0,-0.0001594922359799,-0.1074403375387191,0.0541999414563179,0.1509016156196594,1.0,0.0
1,239,0.6544392108917236,False,0.9452895522117616,13.49998950958252,12.089395523071287,1.155064582824707,-2.1664940504706465e-05,-0.0050568375736474,0.0,-0.0001594922359799,-0.1074403375387191,0.0541999414563179,0.1509016156196594,1.0,0.0
1,240,0.6546963453292847,False,0.9452895522117616,13.49998950958252,12.089395523071287,1.155064582824707,-2.1664940504706465e-05,-0.0050568375736474,0.0,-0.0001594922359799,-0.1074403375387191,0.0541999414563179,0.1509016156196594,1.0,0.0
1,241,0.6550252437591553,False,0.9452895522117616,13.49998950958252,12.089395523071287,1.155064582824707,-2.1664940504706465e-05,-0.0050568375736474,0.0,-0.0001594922359799,-0.1074403375387191,0.0541999414563179,0.1509016156196594,1.0,0.0
1,242,0.6552433967590332,False,0.9452895522117616,13.49998950958252,12.089395523071287,1.155064582824707,-2.1664940504706465e-05,-0.0050568375736474,0.0,-0.0001594922359799,-0.1074403375387191,0.0541999414563179,0.1509016156196594,1.0,0.0
1,243,0.6555794477462769,False,0.9452895522117616,13.49998950958252,12.089395523071287,1.155064582824707,-2.1664940504706465e-05,-0.0050568375736474,0.0,-0.0001594922359799,-0.1074403375387191,0.0541999414563179,0.1509016156196594,1.0,0.0
1,244,0.6558334231376648,False,0.9452895522117616,13.49998950958252,12.089395523071287,1.155064582824707,-2.1664940504706465e-05,-0.0050568375736474,0.0,-0.0001594922359799,-0.1074403375387191,0.0541999414563179,0.1509016156196594,1.0,0.0
1,245,0.6561565399169922,False,0.9452895522117616,13.49998950958252,12.089395523071287,1.155064582824707,-2.1664940504706465e-05,-0.0050568375736474,0.0,-0.0001594922359799,-0.1074403375387191,0.0541999414563179,0.1509016156196594,1.0,0.0
1,246,0.6563488245010376,False,0.9452895522117616,13.49998950958252,12.089395523071287,1.155064582824707,-2.1664940504706465e-05,-0.0050568375736474,0.0,-0.0001594922359799,-0.1074403375387191,0.0541999414563179,0.1509016156196594,1.0,0.0
1,247,0.656669557094574,False,0.9452895522117616,13.49998950958252,12.089395523071287,1.155064582824707,-2.1664940504706465e-05,-0.0050568375736474,0.0,-0.0001594922359799,-0.1074403375387191,0.0541999414563179,0.1509016156196594,1.0,0.0
1,248,0.6569132208824158,False,0.9452895522117616,13.49998950958252,12.089395523071287,1.155064582824707,-2.1664940504706465e-05,-0.0050568375736474,0.0,-0.0001594922359799,-0.1074403375387191,0.0541999414563179,0.1509016156196594,1.0,0.0
1,249,0.6570655703544617,False,0.9452895522117616,13.49998950958252,12.089395523071287,1.155064582824707,-2.1664940504706465e-05,-0.0050568375736474,0.0,-0.0001594922359799,-0.1074403375387191,0.0541999414563179,0.1509016156196594,1.0,0.0
1,250,0.6572282314300537,False,0.9452895522117616,13.49998950958252,12.089395523071287,1.155064582824707,-2.1664940504706465e-05,-0.0050568375736474,0.0,-0.0001594922359799,-0.1074403375387191,0.0541999414563179,0.1509016156196594,1.0,0.0
1,251,0.6188676357269287,False,0.9452895522117616,13.49998950958252,12.089395523071287,1.155064582824707,-2.1664940504706465e-05,-0.0050568375736474,0.0,-0.0001594922359799,-0.1074403375387191,0.0541999414563179,0.1509016156196594,1.0,0.0
1,252,0.6189103126525879,False,0.9452895522117616,13.49998950958252,12.089395523071287,1.155064582824707,-2.1664940504706465e-05,-0.0050568375736474,0.0,-0.0001594922359799,-0.1074403375387191,0.0541999414563179,0.1509016156196594,1.0,0.0
1,253,0.6190590858459473,False,0.9452895522117616,13.49998950958252,12.089395523071287,1.155064582824707,-2.1664940504706465e-05,-0.0050568375736474,0.0,-0.0001594922359799,-0.1074403375387191,0.0541999414563179,0.1509016156196594,1.0,0.0
1,254,0.6192163825035095,False,0.9452895522117616,13.49998950958252,12.089395523071287,1.155064582824707,-2.1664940504706465e-05,-0.0050568375736474,0.0,-0.0001594922359799,-0.1074403375387191,0.0541999414563179,0.1509016156196594,1.0,0.0
1,255,0.6194038987159729,False,0.9452895522117616,13.49998950958252,12.089395523071287,1.155064582824707,-2.1664940504706465e-05,-0.0050568375736474,0.0,-0.0001594922359799,-0.1074403375387191,0.0541999414563179,0.1509016156196594,1.0,0.0
1,256,0.6195372939109802,False,0.9452895522117616,13.49998950958252,12.089395523071287,1.155064582824707,-2.1664940504706465e-05,-0.0050568375736474,0.0,-0.0001594922359799,-0.1074403375387191,0.0541999414563179,0.1509016156196594,1.0,0.0
1,257,0.6196514964103699,False,0.9452895522117616,13.49998950958252,12.089395523071287,1.155064582824707,-2.1664940504706465e-05,-0.0050568375736474,0.0,-0.0001594922359799,-0.1074403375387191,0.0541999414563179,0.1509016156196594,1.0,0.0
1,258,0.6197306513786316,False,0.9452895522117616,13.49998950958252,12.089395523071287,1.155064582824707,-2.1664940504706465e-05,-0.0050568375736474,0.0,-0.0001594922359799,-0.1074403375387191,0.0541999414563179,0.1509016156196594,1.0,0.0
1,259,0.6198121905326843,False,0.9452895522117616,13.49998950958252,12.089395523071287,1.155064582824707,-2.1664940504706465e-05,-0.0050568375736474,0.0,-0.0001594922359799,-0.1074403375387191,0.0541999414563179,0.1509016156196594,1.0,0.0
1,260,0.6198893189430237,False,0.9452895522117616,13.49998950958252,12.089395523071287,1.155064582824707,-2.1664940504706465e-05,-0.0050568375736474,0.0,-0.0001594922359799,-0.1074403375387191,0.0541999414563179,0.1509016156196594,1.0,0.0
1,261,0.6199821829795837,False,0.9452895522117616,13.49998950958252,12.089395523071287,1.155064582824707,-2.1664940504706465e-05,-0.0050568375736474,0.0,-0.0001594922359799,-0.1074403375387191,0.0541999414563179,0.1509016156196594,1.0,0.0
1,262,0.6200776100158691,False,0.9452895522117616,13.49998950958252,12.089395523071287,1.155064582824707,-2.1664940504706465e-05,-0.0050568375736474,0.0,-0.0001594922359799,-0.1074403375387191,0.0541999414563179,0.1509016156196594,1.0,0.0
1,263,0.6201813220977783,False,0.9452895522117616,13.49998950958252,12.089395523071287,1.155064582824707,-2.1664940504706465e-05,-0.0050568375736474,0.0,-0.0001594922359799,-0.1074403375387191,0.0541999414563179,0.1509016156196594,1.0,0.0
1,264,0.620283842086792,False,0.9452895522117616,13.49998950958252,12.089395523071287,1.155064582824707,-2.1664940504706465e-05,-0.0050568375736474,0.0,-0.0001594922359799,-0.1074403375387191,0.0541999414563179,0.1509016156196594,1.0,0.0
1,265,0.6203881502151489,False,0.9452895522117616,13.49998950958252,12.089395523071287,1.155064582824707,-2.1664940504706465e-05,-0.0050568375736474,0.0,-0.0001594922359799,-0.1074403375387191,0.0541999414563179,0.1509016156196594,1.0,0.0
1,266,0.6204881072044373,False,0.9452895522117616,13.49998950958252,12.089395523071287,1.155064582824707,-2.1664940504706465e-05,-0.0050568375736474,0.0,-0.0001594922359799,-0.1074403375387191,0.0541999414563179,0.1509016156196594,1.0,0.0
1,267,0.620587170124054,False,0.9452895522117616,13.49998950958252,12.089395523071287,1.155064582824707,-2.1664940504706465e-05,-0.0050568375736474,0.0,-0.0001594922359799,-0.1074403375387191,0.0541999414563179,0.1509016156196594,1.0,0.0
1,268,0.6206808090209961,False,0.9452895522117616,13.49998950958252,12.089395523071287,1.155064582824707,-2.1664940504706465e-05,-0.0050568375736474,0.0,-0.0001594922359799,-0.1074403375387191,0.0541999414563179,0.1509016156196594,1.0,0.0
1,269,0.6207719445228577,False,0.9452895522117616,13.49998950958252,12.089395523071287,1.155064582824707,-2.1664940504706465e-05,-0.0050568375736474,0.0,-0.0001594922359799,-0.1074403375387191,0.0541999414563179,0.1509016156196594,1.0,0.0
1,270,0.6208588480949402,False,0.9452895522117616,13.49998950958252,12.089395523071287,1.155064582824707,-2.1664940504706465e-05,-0.0050568375736474,0.0,-0.0001594922359799,-0.1074403375387191,0.0541999414563179,0.1509016156196594,1.0,0.0
1,271,0.6209412813186646,False,0.9452895522117616,13.49998950958252,12.089395523071287,1.155064582824707,-2.1664940504706465e-05,-0.0050568375736474,0.0,-0.0001594922359799,-0.1074403375387191,0.0541999414563179,0.1509016156196594,1.0,0.0
1,272,0.6210197806358337,False,0.9452895522117616,13.49998950958252,12.089395523071287,1.155064582824707,-2.1664940504706465e-05,-0.0050568375736474,0.0,-0.0001594922359799,-0.1074403375387191,0.0541999414563179,0.1509016156196594,1.0,0.0
1,273,0.6210945248603821,False,0.9452895522117616,13.49998950958252,12.089395523071287,1.155064582824707,-2.1664940504706465e-05,-0.0050568375736474,0.0,-0.0001594922359799,-0.1074403375387191,0.0541999414563179,0.1509016156196594,1.0,0.0
1,274,0.6211656928062439,False,0.9452895522117616,13.49998950958252,12.089395523071287,1.155064582824707,-2.1664940504706465e-05,-0.0050568375736474,0.0,-0.0001594922359799,-0.1074403375387191,0.0541999414563179,0.1509016156196594,1.0,0.0
1,275,0.6212331652641296,False,0.9452895522117616,13.49998950958252,12.089395523071287,1.155064582824707,-2.1664940504706465e-05,-0.0050568375736474,0.0,-0.0001594922359799,-0.1074403375387191,0.0541999414563179,0.1509016156196594,1.0,0.0
1,276,0.6212968230247498,False,0.9452895522117616,13.49998950958252,12.089395523071287,1.155064582824707,-2.1664940504706465e-05,-0.0050568375736474,0.0,-0.0001594922359799,-0.1074403375387191,0.0541999414563179,0.1509016156196594,1.0,0.0
1,277,0.6213576793670654,False,0.9452895522117616,13.49998950958252,12.089395523071287,1.155064582824707,-2.1664940504706465e-05,-0.0050568375736474,0.0,-0.0001594922359799,-0.1074403375387191,0.0541999414563179,0.1509016156196594,1.0,0.0
1,278,0.621414840221405,False,0.9452895522117616,13.49998950958252,12.089395523071287,1.155064582824707,-2.1664940504706465e-05,-0.0050568375736474,0.0,-0.0001594922359799,-0.1074403375387191,0.0541999414563179,0.1509016156196594,1.0,0.0
1,279,0.6214687824249268,False,0.9452895522117616,13.49998950958252,12.089395523071287,1.155064582824707,-2.1664940504706465e-05,-0.0050568375736474,0.0,-0.0001594922359799,-0.1074403375387191,0.0541999414563179,0.1509016156196594,1.0,0.0
1,280,0.6215203404426575,False,0.9452895522117616,13.49998950958252,12.089395523071287,1.155064582824707,-2.1664940504706465e-05,-0.0050568375736474,0.0,-0.0001594922359799,-0.1074403375387191,0.0541999414563179,0.1509016156196594,1.0,0.0
1,281,0.6215689182281494,False,0.9452895522117616,13.49998950958252,12.089395523071287,1.155064582824707,-2.1664940504706465e-05,-0.0050568375736474,0.0,-0.0001594922359799,-0.1074403375387191,0.0541999414563179,0.1509016156196594,1.0,0.0
1,282,0.6216147541999817,False,0.9452895522117616,13.49998950958252,12.089395523071287,1.155064582824707,-2.1664940504706465e-05,-0.0050568375736474,0.0,-0.0001594922359799,-0.1074403375387191,0.0541999414563179,0.1509016156196594,1.0,0.0
1,283,0.6216577887535095,False,0.9452895522117616,13.49998950958252,12.089395523071287,1.155064582824707,-2.1664940504706465e-05,-0.0050568375736474,0.0,-0.0001594922359799,-0.1074403375387191,0.0541999414563179,0.1509016156196594,1.0,0.0
1,284,0.6216984987258911,False,0.9452895522117616,13.49998950958252,12.089395523071287,1.155064582824707,-2.1664940504706465e-05,-0.0050568375736474,0.0,-0.0001594922359799,-0.1074403375387191,0.0541999414563179,0.1509016156196594,1.0,0.0
1,285,0.6217373609542847,False,0.9452895522117616,13.49998950958252,12.089395523071287,1.155064582824707,-2.1664940504706465e-05,-0.0050568375736474,0.0,-0.0001594922359799,-0.1074403375387191,0.0541999414563179,0.1509016156196594,1.0,0.0
1,286,0.6217737197875977,False,0.9452895522117616,13.49998950958252,12.089395523071287,1.155064582824707,-2.1664940504706465e-05,-0.0050568375736474,0.0,-0.0001594922359799,-0.1074403375387191,0.0541999414563179,0.1509016156196594,1.0,0.0
1,287,0.6218081712722778,False,0.9452895522117616,13.49998950958252,12.089395523071287,1.155064582824707,-2.1664940504706465e-05,-0.0050568375736474,0.0,-0.0001594922359799,-0.1074403375387191,0.0541999414563179,0.1509016156196594,1.0,0.0
1,288,0.6218404173851013,False,0.9452895522117616,13.49998950958252,12.089395523071287,1.155064582824707,-2.1664940504706465e-05,-0.0050568375736474,0.0,-0.0001594922359799,-0.1074403375387191,0.0541999414563179,0.1509016156196594,1.0,0.0
1,289,0.6218704581260681,False,0.9452895522117616,13.49998950958252,12.089395523071287,1.155064582824707,-2.1664940504706465e-05,-0.0050568375736474,0.0,-0.0001594922359799,-0.1074403375387191,0.0541999414563179,0.1509016156196594,1.0,0.0
1,290,0.621899425983429,False,0.9452895522117616,13.49998950958252,12.089395523071287,1.155064582824707,-2.1664940504706465e-05,-0.0050568375736474,0.0,-0.0001594922359799,-0.1074403375387191,0.0541999414563179,0.1509016156196594,1.0,0.0
1,291,0.6219263076782227,False,0.9452895522117616,13.49998950958252,12.089395523071287,1.155064582824707,-2.1664940504706465e-05,-0.0050568375736474,0.0,-0.0001594922359799,-0.1074403375387191,0.0541999414563179,0.1509016156196594,1.0,0.0
1,292,0.6219514012336731,False,0.9452895522117616,13.49998950958252,12.089395523071287,1.155064582824707,-2.1664940504706465e-05,-0.0050568375736474,0.0,-0.0001594922359799,-0.1074403375387191,0.0541999414563179,0.1509016156196594,1.0,0.0
1,293,0.6219756007194519,False,0.9452895522117616,13.49998950958252,12.089395523071287,1.155064582824707,-2.1664940504706465e-05,-0.0050568375736474,0.0,-0.0001594922359799,-0.1074403375387191,0.0541999414563179,0.1509016156196594,1.0,0.0
1,294,0.6219978332519531,False,0.9452895522117616,13.49998950958252,12.089395523071287,1.155064582824707,-2.1664940504706465e-05,-0.0050568375736474,0.0,-0.0001594922359799,-0.1074403375387191,0.0541999414563179,0.1509016156196594,1.0,0.0
1,295,0.6220189929008484,False,0.9452895522117616,13.49998950958252,12.089395523071287,1.155064582824707,-2.1664940504706465e-05,-0.0050568375736474,0.0,-0.0001594922359799,-0.1074403375387191,0.0541999414563179,0.1509016156196594,1.0,0.0
1,296,0.6220387816429138,False,0.9452895522117616,13.49998950958252,12.089395523071287,1.155064582824707,-2.1664940504706465e-05,-0.0050568375736474,0.0,-0.0001594922359799,-0.1074403375387191,0.0541999414563179,0.1509016156196594,1.0,0.0
1,297,0.6220577359199524,False,0.9452895522117616,13.49998950958252,12.089395523071287,1.155064582824707,-2.1664940504706465e-05,-0.0050568375736474,0.0,-0.0001594922359799,-0.1074403375387191,0.0541999414563179,0.1509016156196594,1.0,0.0
1,298,0.6220755577087402,False,0.9452895522117615,13.49998950958252,12.089395523071289,1.155064582824707,-2.1664940504706465e-05,-0.005056837573647499,0.0,-0.00015949223597999662,-0.10744033753871918,0.0541999414563179,0.15090161561965942,1.0,0.0
