Run,Step,Epoch,Episode,Reward,log/Episode_Reward/end_effector_position_tracking,log/Episode_Reward/end_effector_orientation_tracking,log/Episode_Reward/action_rate,log/Episode_Reward/joint_vel,log/Metrics/ee_pose/position_error,log/Metrics/ee_pose/orientation_error,log/Episode_Termination/time_out
10,1,1,1,-0.0001958334614755,0.0,0.0,0.0,0.0,0.0,0.0,0
10,2,1,1,-0.0001927862613229,0.0,0.0,0.0,0.0,0.0,0.0,0
10,3,1,1,-0.0001926472177729,0.0,0.0,0.0,0.0,0.0,0.0,0
10,4,1,1,-0.0001918595517054,0.0,0.0,0.0,0.0,0.0,0.0,0
10,5,1,1,-0.0001918478956213,0.0,0.0,0.0,0.0,0.0,0.0,0
10,6,1,1,-0.0001905902317957,0.0,0.0,0.0,0.0,0.0,0.0,0
10,7,1,1,-0.000194689433556,0.0,0.0,0.0,0.0,0.0,0.0,0
10,8,1,1,-0.0001898809568956,0.0,0.0,0.0,0.0,0.0,0.0,0
10,9,1,1,-0.0001878351031336,0.0,0.0,0.0,0.0,0.0,0.0,0
10,10,1,1,-0.0001862433564383,0.0,0.0,0.0,0.0,0.0,0.0,0
10,11,1,1,-0.0001849935797508,0.0,0.0,0.0,0.0,0.0,0.0,0
10,12,1,1,-0.0001856289309216,0.0,0.0,0.0,0.0,0.0,0.0,0
10,13,1,1,-0.0001859652693383,0.0,0.0,0.0,0.0,0.0,0.0,0
10,14,1,1,-0.0001877640897873,0.0,0.0,0.0,0.0,0.0,0.0,0
10,15,1,1,-0.0001873790752142,0.0,0.0,0.0,0.0,0.0,0.0,0
10,16,1,1,-0.0001881399366538,0.0,0.0,0.0,0.0,0.0,0.0,0
10,17,1,1,-0.000187820958672,0.0,0.0,0.0,0.0,0.0,0.0,0
10,18,1,1,-0.0001890346757136,0.0,0.0,0.0,0.0,0.0,0.0,0
10,19,1,1,-0.0001877293980214,0.0,0.0,0.0,0.0,0.0,0.0,0
10,20,1,1,-0.0001870122650871,0.0,0.0,0.0,0.0,0.0,0.0,0
10,21,1,1,-0.0001852626883191,0.0,0.0,0.0,0.0,0.0,0.0,0
10,22,1,1,-0.0001838838506955,0.0,0.0,0.0,0.0,0.0,0.0,0
10,23,1,1,-0.0001821319019654,0.0,0.0,0.0,0.0,0.0,0.0,0
10,24,1,1,-0.0001808298256946,0.0,0.0,0.0,0.0,0.0,0.0,0
10,25,1,1,-0.000175260938704,0.0,0.0,0.0,0.0,0.0,0.0,0
10,26,1,1,-0.0001742807071423,0.0,0.0,0.0,0.0,0.0,0.0,0
10,27,1,1,-0.0001746438647387,0.0,0.0,0.0,0.0,0.0,0.0,0
10,28,1,1,-0.0001733148383209,0.0,0.0,0.0,0.0,0.0,0.0,0
10,29,1,1,-0.0001745837507769,0.0,0.0,0.0,0.0,0.0,0.0,0
10,30,1,1,-0.0001733435346977,0.0,0.0,0.0,0.0,0.0,0.0,0
10,31,1,1,-0.0001740464213071,0.0,0.0,0.0,0.0,0.0,0.0,0
10,32,2,1,-0.0001734986290102,0.0,0.0,0.0,0.0,0.0,0.0,0
10,33,2,1,-0.0001740354782668,0.0,0.0,0.0,0.0,0.0,0.0,0
10,34,2,1,-0.0001739156432449,0.0,0.0,0.0,0.0,0.0,0.0,0
10,35,2,1,-0.0001733788085402,0.0,0.0,0.0,0.0,0.0,0.0,0
10,36,2,1,-0.0001728923816699,0.0,0.0,0.0,0.0,0.0,0.0,0
10,37,2,1,-0.0001718568964861,0.0,0.0,0.0,0.0,0.0,0.0,0
10,38,2,1,-0.000170792438439,0.0,0.0,0.0,0.0,0.0,0.0,0
10,39,2,1,-0.0001702786539681,0.0,0.0,0.0,0.0,0.0,0.0,0
10,40,2,1,-0.0001701762957964,0.0,0.0,0.0,0.0,0.0,0.0,0
10,41,2,1,-0.0001686958130449,0.0,0.0,0.0,0.0,0.0,0.0,0
10,42,2,1,-0.0001696356484899,0.0,0.0,0.0,0.0,0.0,0.0,0
10,43,2,1,-0.0001671609352342,0.0,0.0,0.0,0.0,0.0,0.0,0
10,44,2,1,-0.0001663541333982,0.0,0.0,0.0,0.0,0.0,0.0,0
10,45,2,1,-0.0001655782834859,0.0,0.0,0.0,0.0,0.0,0.0,0
10,46,2,1,-0.0001658614201005,0.0,0.0,0.0,0.0,0.0,0.0,0
10,47,2,1,-0.0001645185693632,0.0,0.0,0.0,0.0,0.0,0.0,0
10,48,2,1,-0.0001637463574297,0.0,0.0,0.0,0.0,0.0,0.0,0
10,49,2,1,-0.0001605193683644,0.0,0.0,0.0,0.0,0.0,0.0,0
10,50,2,1,-0.0001587262668181,0.0,0.0,0.0,0.0,0.0,0.0,0
10,51,2,1,-0.0001586613652762,0.0,0.0,0.0,0.0,0.0,0.0,0
10,52,2,1,-0.0001591584441484,0.0,0.0,0.0,0.0,0.0,0.0,0
10,53,2,1,-0.0001588126033311,0.0,0.0,0.0,0.0,0.0,0.0,0
10,54,2,1,-0.0001566297578392,0.0,0.0,0.0,0.0,0.0,0.0,0
10,55,2,1,-0.0001541516248835,0.0,0.0,0.0,0.0,0.0,0.0,0
10,56,2,1,-0.0001534909097244,0.0,0.0,0.0,0.0,0.0,0.0,0
10,57,2,1,-0.0001501804945291,0.0,0.0,0.0,0.0,0.0,0.0,0
10,58,2,1,-0.0001497142511652,0.0,0.0,0.0,0.0,0.0,0.0,0
10,59,2,1,-0.0001481594226788,0.0,0.0,0.0,0.0,0.0,0.0,0
10,60,2,1,-0.0001485634420532,0.0,0.0,0.0,0.0,0.0,0.0,0
10,61,2,1,-0.0001460305938962,0.0,0.0,0.0,0.0,0.0,0.0,0
10,62,2,1,-0.000145293015521,0.0,0.0,0.0,0.0,0.0,0.0,0
10,63,2,1,-0.0001449316041544,0.0,0.0,0.0,0.0,0.0,0.0,0
10,64,3,1,-0.0001464190718252,0.0,0.0,0.0,0.0,0.0,0.0,0
10,65,3,1,-0.0001459436316508,0.0,0.0,0.0,0.0,0.0,0.0,0
10,66,3,1,-0.0001471250143367,0.0,0.0,0.0,0.0,0.0,0.0,0
10,67,3,1,-0.0001460269413655,0.0,0.0,0.0,0.0,0.0,0.0,0
10,68,3,1,-0.0001465396635467,0.0,0.0,0.0,0.0,0.0,0.0,0
10,69,3,1,-0.0001475435128668,0.0,0.0,0.0,0.0,0.0,0.0,0
10,70,3,1,-0.0001476643374189,0.0,0.0,0.0,0.0,0.0,0.0,0
10,71,3,1,-0.0001488940179115,0.0,0.0,0.0,0.0,0.0,0.0,0
10,72,3,1,-0.0001492269366281,0.0,0.0,0.0,0.0,0.0,0.0,0
10,73,3,1,-0.0001478677004342,0.0,0.0,0.0,0.0,0.0,0.0,0
10,74,3,1,-0.000146314050653,0.0,0.0,0.0,0.0,0.0,0.0,0
10,75,3,1,-0.0001459284103475,0.0,0.0,0.0,0.0,0.0,0.0,0
10,76,3,1,-0.0001473533920943,0.0,0.0,0.0,0.0,0.0,0.0,0
10,77,3,1,-0.0001490062859375,0.0,0.0,0.0,0.0,0.0,0.0,0
10,78,3,1,-0.0001475007156841,0.0,0.0,0.0,0.0,0.0,0.0,0
10,79,3,1,-0.0001458156039007,0.0,0.0,0.0,0.0,0.0,0.0,0
10,80,3,1,-0.000144845500472,0.0,0.0,0.0,0.0,0.0,0.0,0
10,81,3,1,-0.0001452983706258,0.0,0.0,0.0,0.0,0.0,0.0,0
10,82,3,1,-0.0001470821298426,0.0,0.0,0.0,0.0,0.0,0.0,0
10,83,3,1,-0.0001486132969148,0.0,0.0,0.0,0.0,0.0,0.0,0
10,84,3,1,-0.0001470305869588,0.0,0.0,0.0,0.0,0.0,0.0,0
10,85,3,1,-0.0001453540171496,0.0,0.0,0.0,0.0,0.0,0.0,0
10,86,3,1,-0.0001442835346097,0.0,0.0,0.0,0.0,0.0,0.0,0
10,87,3,1,-0.0001443700166419,0.0,0.0,0.0,0.0,0.0,0.0,0
10,88,3,1,-0.000145819663885,0.0,0.0,0.0,0.0,0.0,0.0,0
10,89,3,1,-0.0001479650236433,0.0,0.0,0.0,0.0,0.0,0.0,0
10,90,3,1,-0.000146968071931,0.0,0.0,0.0,0.0,0.0,0.0,0
10,91,3,1,-0.0001455753372283,0.0,0.0,0.0,0.0,0.0,0.0,0
10,92,3,1,-0.0001449663832318,0.0,0.0,0.0,0.0,0.0,0.0,0
10,93,3,1,-0.0001460374041926,0.0,0.0,0.0,0.0,0.0,0.0,0
10,94,3,1,-0.0001481122599216,0.0,0.0,0.0,0.0,0.0,0.0,0
10,95,3,1,-0.0001480350765632,0.0,0.0,0.0,0.0,0.0,0.0,0
10,96,4,1,-0.0001478129561292,0.0,0.0,0.0,0.0,0.0,0.0,0
10,97,4,1,-0.0001478978374507,0.0,0.0,0.0,0.0,0.0,0.0,0
10,98,4,1,-0.0001508675632067,0.0,0.0,0.0,0.0,0.0,0.0,0
10,99,4,1,-0.0001515495969215,0.0,0.0,0.0,0.0,0.0,0.0,0
10,100,4,2,-0.0001494103344157,0.0,0.0,0.0,0.0,0.0,0.0,0
10,101,4,2,-0.0001481881190557,0.0,0.0,0.0,0.0,0.0,0.0,0
10,102,4,2,-0.0001471617142669,0.0,0.0,0.0,0.0,0.0,0.0,0
10,103,4,2,-0.0001474072341807,0.0,0.0,0.0,0.0,0.0,0.0,0
10,104,4,2,-0.0001486922701587,0.0,0.0,0.0,0.0,0.0,0.0,0
10,105,4,2,-0.000151055806782,0.0,0.0,0.0,0.0,0.0,0.0,0
10,106,4,2,-0.0001498153142165,0.0,0.0,0.0,0.0,0.0,0.0,0
10,107,4,2,-0.000148520906805,0.0,0.0,0.0,0.0,0.0,0.0,0
10,108,4,2,-0.0001479019119869,0.0,0.0,0.0,0.0,0.0,0.0,0
10,109,4,2,-0.0001491542934672,0.0,0.0,0.0,0.0,0.0,0.0,0
10,110,4,2,-0.0001512864837422,0.0,0.0,0.0,0.0,0.0,0.0,0
10,111,4,2,-0.000151311935042,0.0,0.0,0.0,0.0,0.0,0.0,0
10,112,4,2,-0.0001494390307925,0.0,0.0,0.0,0.0,0.0,0.0,0
10,113,4,2,-0.0001480577338952,0.0,0.0,0.0,0.0,0.0,0.0,0
10,114,4,2,-0.0001471013529226,0.0,0.0,0.0,0.0,0.0,0.0,0
10,115,4,2,-0.0001466254470869,0.0,0.0,0.0,0.0,0.0,0.0,0
10,116,4,2,-0.0001467455440433,0.0,0.0,0.0,0.0,0.0,0.0,0
10,117,4,2,-0.0001475767057854,0.0,0.0,0.0,0.0,0.0,0.0,0
10,118,4,2,-0.00014883177937,0.0,0.0,0.0,0.0,0.0,0.0,0
10,119,4,2,-0.0001482514489907,0.0,0.0,0.0,0.0,0.0,0.0,0
10,120,4,2,-0.0001506435219198,0.0,0.0,0.0,0.0,0.0,0.0,0
10,121,4,2,-0.0001511365117039,0.0,0.0,0.0,0.0,0.0,0.0,0
10,122,4,2,-0.0001493586896685,0.0,0.0,0.0,0.0,0.0,0.0,0
10,123,4,2,-0.0001480696228099,0.0,0.0,0.0,0.0,0.0,0.0,0
10,124,4,2,-0.0001474371238145,0.0,0.0,0.0,0.0,0.0,0.0,0
10,125,4,2,-0.0001475234894314,0.0,0.0,0.0,0.0,0.0,0.0,0
10,126,4,2,-0.0001479630591347,0.0,0.0,0.0,0.0,0.0,0.0,0
10,127,4,2,-0.0001494161551818,0.0,0.0,0.0,0.0,0.0,0.0,0
10,128,5,2,-0.0001509284920757,0.0,0.0,0.0,0.0,0.0,0.0,0
10,129,5,2,-0.0001493662566645,0.0,0.0,0.0,0.0,0.0,0.0,0
10,130,5,2,-0.0001481560175307,0.0,0.0,0.0,0.0,0.0,0.0,0
10,131,5,2,-0.0001473390730097,0.0,0.0,0.0,0.0,0.0,0.0,0
10,132,5,2,-0.0001477145269745,0.0,0.0,0.0,0.0,0.0,0.0,0
10,133,5,2,-0.0001482891966588,0.0,0.0,0.0,0.0,0.0,0.0,0
10,134,5,2,-0.0001497827179264,0.0,0.0,0.0,0.0,0.0,0.0,0
10,135,5,2,-0.0001500099024269,0.0,0.0,0.0,0.0,0.0,0.0,0
10,136,5,2,-0.0001484166423324,0.0,0.0,0.0,0.0,0.0,0.0,0
10,137,5,2,-0.0001487856789026,0.0,0.0,0.0,0.0,0.0,0.0,0
10,138,5,2,-0.0001493043091613,0.0,0.0,0.0,0.0,0.0,0.0,0
10,139,5,2,-0.0001506099360994,0.0,0.0,0.0,0.0,0.0,0.0,0
10,140,5,2,-0.0001519979996373,0.0,0.0,0.0,0.0,0.0,0.0,0
10,141,5,2,-0.0001506277185399,0.0,0.0,0.0,0.0,0.0,0.0,0
10,142,5,2,-0.00014942366397,0.0,0.0,0.0,0.0,0.0,0.0,0
10,143,5,2,-0.0001490431750426,0.0,0.0,0.0,0.0,0.0,0.0,0
10,144,5,2,-0.0001496309414505,0.0,0.0,0.0,0.0,0.0,0.0,0
10,145,5,2,-0.0001507552515249,0.0,0.0,0.0,0.0,0.0,0.0,0
10,146,5,2,-0.0001520460064057,0.0,0.0,0.0,0.0,0.0,0.0,0
10,147,5,2,-0.0001503868261352,0.0,0.0,0.0,0.0,0.0,0.0,0
10,148,5,2,-0.0001492036099079,0.0,0.0,0.0,0.0,0.0,0.0,0
10,149,5,2,-0.0001488018460804,0.0,0.0,0.0,0.0,0.0,0.0,0
10,150,5,2,-0.0001494788448326,0.0,0.0,0.0,0.0,0.0,0.0,0
10,151,5,2,-0.0001504272804595,0.0,0.0,0.0,0.0,0.0,0.0,0
10,152,5,2,-0.0001517988275736,0.0,0.0,0.0,0.0,0.0,0.0,0
10,153,5,2,-0.0001501579536125,0.0,0.0,0.0,0.0,0.0,0.0,0
10,154,5,2,-0.0001490617141826,0.0,0.0,0.0,0.0,0.0,0.0,0
10,155,5,2,-0.0001486049150116,0.0,0.0,0.0,0.0,0.0,0.0,0
10,156,5,2,-0.00014923622075,0.0,0.0,0.0,0.0,0.0,0.0,0
10,157,5,2,-0.0001499152567703,0.0,0.0,0.0,0.0,0.0,0.0,0
10,158,5,2,-0.0001511909213149,0.0,0.0,0.0,0.0,0.0,0.0,0
10,159,5,2,-0.00014976253442,0.0,0.0,0.0,0.0,0.0,0.0,0
10,160,6,2,-0.0001487421977799,0.0,0.0,0.0,0.0,0.0,0.0,0
10,161,6,2,-0.0001484145323047,0.0,0.0,0.0,0.0,0.0,0.0,0
10,162,6,2,-0.0001491290167905,0.0,0.0,0.0,0.0,0.0,0.0,0
10,163,6,2,-0.0001495990727562,0.0,0.0,0.0,0.0,0.0,0.0,0
10,164,6,2,-0.0001510208530817,0.0,0.0,0.0,0.0,0.0,0.0,0
10,165,6,2,-0.0001494844764238,0.0,0.0,0.0,0.0,0.0,0.0,0
10,166,6,2,-0.0001484215463278,0.0,0.0,0.0,0.0,0.0,0.0,0
10,167,6,2,-0.0001480278588132,0.0,0.0,0.0,0.0,0.0,0.0,0
10,168,6,2,-0.0001486123219365,0.0,0.0,0.0,0.0,0.0,0.0,0
10,169,6,2,-0.000149066108861,0.0,0.0,0.0,0.0,0.0,0.0,0
10,170,6,2,-0.0001503891544416,0.0,0.0,0.0,0.0,0.0,0.0,0
10,171,6,2,-0.0001493219460826,0.0,0.0,0.0,0.0,0.0,0.0,0
10,172,6,2,-0.0001495654869358,0.0,0.0,0.0,0.0,0.0,0.0,0
10,173,6,2,-0.0001517143828095,0.0,0.0,0.0,0.0,0.0,0.0,0
10,174,6,2,-0.0001523207902209,0.0,0.0,0.0,0.0,0.0,0.0,0
10,175,6,2,-0.0001509451103629,0.0,0.0,0.0,0.0,0.0,0.0,0
10,176,6,2,-0.0001497745106462,0.0,0.0,0.0,0.0,0.0,0.0,0
10,177,6,2,-0.0001492263254476,0.0,0.0,0.0,0.0,0.0,0.0,0
10,178,6,2,-0.0001497474731877,0.0,0.0,0.0,0.0,0.0,0.0,0
10,179,6,2,-0.0001495367032475,0.0,0.0,0.0,0.0,0.0,0.0,0
10,180,6,2,-0.000151085332618,0.0,0.0,0.0,0.0,0.0,0.0,0
10,181,6,2,-0.0001513910974608,0.0,0.0,0.0,0.0,0.0,0.0,0
10,182,6,2,-0.0001519402721896,0.0,0.0,0.0,0.0,0.0,0.0,0
10,183,6,2,-0.0001507890410721,0.0,0.0,0.0,0.0,0.0,0.0,0
10,184,6,2,-0.0001496876502642,0.0,0.0,0.0,0.0,0.0,0.0,0
10,185,6,2,-0.000149206869537,0.0,0.0,0.0,0.0,0.0,0.0,0
10,186,6,2,-0.000149466577568,0.0,0.0,0.0,0.0,0.0,0.0,0
10,187,6,2,-0.0001488783163949,0.0,0.0,0.0,0.0,0.0,0.0,0
10,188,6,2,-0.0001500487269368,0.0,0.0,0.0,0.0,0.0,0.0,0
10,189,6,2,-0.0001514003088232,0.0,0.0,0.0,0.0,0.0,0.0,0
10,190,6,2,-0.0001506505941506,0.0,0.0,0.0,0.0,0.0,0.0,0
10,191,6,2,-0.0001506348780822,0.0,0.0,0.0,0.0,0.0,0.0,0
10,192,7,2,-0.0001526969135738,0.0,0.0,0.0,0.0,0.0,0.0,0
10,193,7,2,-0.0001526142441434,0.0,0.0,0.0,0.0,0.0,0.0,0
10,194,7,2,-0.0001540416269563,0.0,0.0,0.0,0.0,0.0,0.0,0
10,195,7,2,-0.0001553916517877,0.0,0.0,0.0,0.0,0.0,0.0,0
10,196,7,2,-0.0001536876661702,0.0,0.0,0.0,0.0,0.0,0.0,0
10,197,7,2,-0.0001523963437648,0.0,0.0,0.0,0.0,0.0,0.0,0
10,198,7,2,-0.0001513097231509,0.0,0.0,0.0,0.0,0.0,0.0,0
10,199,7,2,-0.0001514191681053,0.0,0.0,0.0,0.0,0.0,0.0,0
10,200,7,3,-0.0001517779310233,0.0,0.0,0.0,0.0,0.0,0.0,0
10,201,7,3,-0.0001531345042167,0.0,0.0,0.0,0.0,0.0,0.0,0
10,202,7,3,-0.000152518870891,0.0,0.0,0.0,0.0,0.0,0.0,0
10,203,7,3,-0.0001533945323899,0.0,0.0,0.0,0.0,0.0,0.0,0
10,204,7,3,-0.0001580647804075,0.0,0.0,0.0,0.0,0.0,0.0,0
10,205,7,3,-0.000158859140356,0.0,0.0,0.0,0.0,0.0,0.0,0
10,206,7,3,-0.0001568657171446,0.0,0.0,0.0,0.0,0.0,0.0,0
10,207,7,3,-0.0001555272465338,0.0,0.0,0.0,0.0,0.0,0.0,0
10,208,7,3,-0.0001544186670798,0.0,0.0,0.0,0.0,0.0,0.0,0
10,209,7,3,-0.0001550969900563,0.0,0.0,0.0,0.0,0.0,0.0,0
10,210,7,3,-0.0001559995434945,0.0,0.0,0.0,0.0,0.0,0.0,0
10,211,7,3,-0.0001575602509547,0.0,0.0,0.0,0.0,0.0,0.0,0
10,212,7,3,-0.0001557927025714,0.0,0.0,0.0,0.0,0.0,0.0,0
10,213,7,3,-0.0001544226106489,0.0,0.0,0.0,0.0,0.0,0.0,0
10,214,7,3,-0.0001535485935164,0.0,0.0,0.0,0.0,0.0,0.0,0
10,215,7,3,-0.0001545671402709,0.0,0.0,0.0,0.0,0.0,0.0,0
10,216,7,3,-0.0001559884258313,0.0,0.0,0.0,0.0,0.0,0.0,0
10,217,7,3,-0.0001575414207763,0.0,0.0,0.0,0.0,0.0,0.0,0
10,218,7,3,-0.0001558606454636,0.0,0.0,0.0,0.0,0.0,0.0,0
10,219,7,3,-0.0001545662380522,0.0,0.0,0.0,0.0,0.0,0.0,0
10,220,7,3,-0.0001537131320219,0.0,0.0,0.0,0.0,0.0,0.0,0
10,221,7,3,-0.0001549614389659,0.0,0.0,0.0,0.0,0.0,0.0,0
10,222,7,3,-0.0001572562177898,0.0,0.0,0.0,0.0,0.0,0.0,0
10,223,7,3,-0.0001584418496349,0.0,0.0,0.0,0.0,0.0,0.0,0
10,224,8,3,-0.0001568643638165,0.0,0.0,0.0,0.0,0.0,0.0,0
10,225,8,3,-0.0001553423207951,0.0,0.0,0.0,0.0,0.0,0.0,0
10,226,8,3,-0.0001543827238492,0.0,0.0,0.0,0.0,0.0,0.0,0
10,227,8,3,-0.0001551413588458,0.0,0.0,0.0,0.0,0.0,0.0,0
10,228,8,3,-0.0001568514999235,0.0,0.0,0.0,0.0,0.0,0.0,0
10,229,8,3,-0.0001583600242156,0.0,0.0,0.0,0.0,0.0,0.0,0
10,230,8,3,-0.0001566496357554,0.0,0.0,0.0,0.0,0.0,0.0,0
10,231,8,3,-0.000155418732902,0.0,0.0,0.0,0.0,0.0,0.0,0
10,232,8,3,-0.0001548057625768,0.0,0.0,0.0,0.0,0.0,0.0,0
10,233,8,3,-0.0001558306394144,0.0,0.0,0.0,0.0,0.0,0.0,0
10,234,8,3,-0.0001574888447066,0.0,0.0,0.0,0.0,0.0,0.0,0
10,235,8,3,-0.000158946000738,0.0,0.0,0.0,0.0,0.0,0.0,0
10,236,8,3,-0.0001572112669236,0.0,0.0,0.0,0.0,0.0,0.0,0
10,237,8,3,-0.0001559635420562,0.0,0.0,0.0,0.0,0.0,0.0,0
10,238,8,3,-0.000155314526637,0.0,0.0,0.0,0.0,0.0,0.0,0
10,239,8,3,-0.0001563181285746,0.0,0.0,0.0,0.0,0.0,0.0,0
10,240,8,3,-0.0001579394447617,0.0,0.0,0.0,0.0,0.0,0.0,0
10,241,8,3,-0.0001593683991814,0.0,0.0,0.0,0.0,0.0,0.0,0
10,242,8,3,-0.0001576208596816,0.0,0.0,0.0,0.0,0.0,0.0,0
10,243,8,3,-0.0001563660334795,0.0,0.0,0.0,0.0,0.0,0.0,0
10,244,8,3,-0.0001556998468004,0.0,0.0,0.0,0.0,0.0,0.0,0
10,245,8,3,-0.0001566930150147,0.0,0.0,0.0,0.0,0.0,0.0,0
10,246,8,3,-0.0001583123957971,0.0,0.0,0.0,0.0,0.0,0.0,0
10,247,8,3,-0.0001597094960743,0.0,0.0,0.0,0.0,0.0,0.0,0
10,248,8,3,-0.000157951406436,0.0,0.0,0.0,0.0,0.0,0.0,0
10,249,8,3,-0.0001566927094245,0.0,0.0,0.0,0.0,0.0,0.0,0
10,250,8,3,-0.0001560109376441,0.0,0.0,0.0,0.0,0.0,0.0,0
10,251,8,3,-0.0001570031308801,0.0,0.0,0.0,0.0,0.0,0.0,0
10,252,8,3,-0.0001586352154845,0.0,0.0,0.0,0.0,0.0,0.0,0
10,253,8,3,-0.0001599953102413,0.0,0.0,0.0,0.0,0.0,0.0,0
10,254,8,3,-0.0001582309632794,0.0,0.0,0.0,0.0,0.0,0.0,0
10,255,8,3,-0.0001569679152453,0.0,0.0,0.0,0.0,0.0,0.0,0
10,256,9,3,-0.0001562547258799,0.0,0.0,0.0,0.0,0.0,0.0,0
10,257,9,3,-0.0001572771870996,0.0,0.0,0.0,0.0,0.0,0.0,0
10,258,9,3,-0.0001590186875546,0.0,0.0,0.0,0.0,0.0,0.0,0
10,259,9,3,-0.0001603098935447,0.0,0.0,0.0,0.0,0.0,0.0,0
10,260,9,3,-0.0001585524005349,0.0,0.0,0.0,0.0,0.0,0.0,0
10,261,9,3,-0.0001572660112287,0.0,0.0,0.0,0.0,0.0,0.0,0
10,262,9,3,-0.0001564289705129,0.0,0.0,0.0,0.0,0.0,0.0,0
10,263,9,3,-0.000157614093041,0.0,0.0,0.0,0.0,0.0,0.0,0
10,264,9,3,-0.0001602033007657,0.0,0.0,0.0,0.0,0.0,0.0,0
10,265,9,3,-0.0001611540501471,0.0,0.0,0.0,0.0,0.0,0.0,0
10,266,9,3,-0.0001594532950548,0.0,0.0,0.0,0.0,0.0,0.0,0
10,267,9,3,-0.0001579175150254,0.0,0.0,0.0,0.0,0.0,0.0,0
10,268,9,3,-0.0001567518775118,0.0,0.0,0.0,0.0,0.0,0.0,0
10,269,9,3,-0.0001574800699017,0.0,0.0,0.0,0.0,0.0,0.0,0
10,270,9,3,-0.0001591133477631,0.0,0.0,0.0,0.0,0.0,0.0,0
10,271,9,3,-0.0001604691351531,0.0,0.0,0.0,0.0,0.0,0.0,0
10,272,9,3,-0.0001586892467457,0.0,0.0,0.0,0.0,0.0,0.0,0
10,273,9,3,-0.0001574334746692,0.0,0.0,0.0,0.0,0.0,0.0,0
10,274,9,3,-0.0001568140432937,0.0,0.0,0.0,0.0,0.0,0.0,0
10,275,9,3,-0.0001576327049406,0.0,0.0,0.0,0.0,0.0,0.0,0
10,276,9,3,-0.0001590475148987,0.0,0.0,0.0,0.0,0.0,0.0,0
10,277,9,3,-0.0001604064018465,0.0,0.0,0.0,0.0,0.0,0.0,0
10,278,9,3,-0.000158732626005,0.0,0.0,0.0,0.0,0.0,0.0,0
10,279,9,3,-0.000157518297783,0.0,0.0,0.0,0.0,0.0,0.0,0
10,280,9,3,-0.0001566370774526,0.0,0.0,0.0,0.0,0.0,0.0,0
10,281,9,3,-0.0001579982344992,0.0,0.0,0.0,0.0,0.0,0.0,0
10,282,9,3,-0.0001598988164914,0.0,0.0,0.0,0.0,0.0,0.0,0
10,283,9,3,-0.0001607724261702,0.0,0.0,0.0,0.0,0.0,0.0,0
10,284,9,3,-0.0001590885367477,0.0,0.0,0.0,0.0,0.0,0.0,0
10,285,9,3,-0.00015776566579,0.0,0.0,0.0,0.0,0.0,0.0,0
10,286,9,3,-0.0001568958250572,0.0,0.0,0.0,0.0,0.0,0.0,0
10,287,9,3,-0.0001581569522386,0.0,0.0,0.0,0.0,0.0,0.0,0
10,288,10,3,-0.0001601327676326,0.0,0.0,0.0,0.0,0.0,0.0,0
10,289,10,3,-0.0001609802275197,0.0,0.0,0.0,0.0,0.0,0.0,0
10,290,10,3,-0.0001592865155544,0.0,0.0,0.0,0.0,0.0,0.0,0
10,291,10,3,-0.0001579541712999,0.0,0.0,0.0,0.0,0.0,0.0,0
10,292,10,3,-0.0001571104075992,0.0,0.0,0.0,0.0,0.0,0.0,0
10,293,10,3,-0.0001583667180966,0.0,0.0,0.0,0.0,0.0,0.0,0
10,294,10,3,-0.0001603501004865,0.0,0.0,0.0,0.0,0.0,0.0,0
10,295,10,3,-0.0001611752086319,0.0,0.0,0.0,0.0,0.0,0.0,0
10,296,10,3,-0.0001594704372109,0.0,0.0,0.0,0.0,0.0,0.0,0
10,297,10,3,-0.0001581236865604,0.0,0.0,0.0,0.0,0.0,0.0,0
10,298,10,3,-0.0001572497421875,0.0,0.0,0.0,0.0,0.0,0.0,0
10,299,10,3,-0.0001585124700795,0.0,0.0,0.0,0.0,0.0,0.0,0
10,300,10,4,-0.0001605106663191,0.0,0.0,0.0,0.0,0.0,0.0,0
10,301,10,4,-0.00016131697339,0.0,0.0,0.0,0.0,0.0,0.0,0
10,302,10,4,-0.0001596071670064,0.0,0.0,0.0,0.0,0.0,0.0,0
10,303,10,4,-0.0001582445693202,0.0,0.0,0.0,0.0,0.0,0.0,0
10,304,10,4,-0.0001573394838487,0.0,0.0,0.0,0.0,0.0,0.0,0
10,305,10,4,-0.0001586076105013,0.0,0.0,0.0,0.0,0.0,0.0,0
10,306,10,4,-0.0001606199512025,0.0,0.0,0.0,0.0,0.0,0.0,0
10,307,10,4,-0.0001614129578229,0.0,0.0,0.0,0.0,0.0,0.0,0
10,308,10,4,-0.0001596985966898,0.0,0.0,0.0,0.0,0.0,0.0,0
10,309,10,4,-0.0001583231205586,0.0,0.0,0.0,0.0,0.0,0.0,0
10,310,10,4,-0.0001574012567289,0.0,0.0,0.0,0.0,0.0,0.0,0
10,311,10,4,-0.0001586729777045,0.0,0.0,0.0,0.0,0.0,0.0,0
10,312,10,4,-0.0001606920850463,0.0,0.0,0.0,0.0,0.0,0.0,0
10,313,10,4,-0.0001614758366486,0.0,0.0,0.0,0.0,0.0,0.0,0
10,314,10,4,-0.0001597578375367,0.0,0.0,0.0,0.0,0.0,0.0,0
10,315,10,4,-0.000158371636644,0.0,0.0,0.0,0.0,0.0,0.0,0
10,316,10,4,-0.0001574397319927,0.0,0.0,0.0,0.0,0.0,0.0,0
10,317,10,4,-0.0001587152073625,0.0,0.0,0.0,0.0,0.0,0.0,0
10,318,10,4,-0.0001607347367098,0.0,0.0,0.0,0.0,0.0,0.0,0
10,319,10,4,-0.0001615094370208,0.0,0.0,0.0,0.0,0.0,0.0,0
10,320,11,4,-0.0001597872760612,0.0,0.0,0.0,0.0,0.0,0.0,0
10,321,11,4,-0.0001583926641615,0.0,0.0,0.0,0.0,0.0,0.0,0
10,322,11,4,-0.0001574536145199,0.0,0.0,0.0,0.0,0.0,0.0,0
10,323,11,4,-0.0001587333390489,0.0,0.0,0.0,0.0,0.0,0.0,0
10,324,11,4,-0.0001607476151548,0.0,0.0,0.0,0.0,0.0,0.0,0
10,325,11,4,-0.0001615085930097,0.0,0.0,0.0,0.0,0.0,0.0,0
10,326,11,4,-0.0001597845111973,0.0,0.0,0.0,0.0,0.0,0.0,0
10,327,11,4,-0.000158383467351,0.0,0.0,0.0,0.0,0.0,0.0,0
10,328,11,4,-0.0001574389170855,0.0,0.0,0.0,0.0,0.0,0.0,0
10,329,11,4,-0.0001587229344295,0.0,0.0,0.0,0.0,0.0,0.0,0
10,330,11,4,-0.0001607316225999,0.0,0.0,0.0,0.0,0.0,0.0,0
10,331,11,4,-0.0001614817156223,0.0,0.0,0.0,0.0,0.0,0.0,0
10,332,11,4,-0.0001597566879354,0.0,0.0,0.0,0.0,0.0,0.0,0
10,333,11,4,-0.0001583499542903,0.0,0.0,0.0,0.0,0.0,0.0,0
10,334,11,4,-0.0001574023335706,0.0,0.0,0.0,0.0,0.0,0.0,0
10,335,11,4,-0.0001586897269589,0.0,0.0,0.0,0.0,0.0,0.0,0
10,336,11,4,-0.0001606897712917,0.0,0.0,0.0,0.0,0.0,0.0,0
10,337,11,4,-0.0001614322100067,0.0,0.0,0.0,0.0,0.0,0.0,0
10,338,11,4,-0.0001597070950083,0.0,0.0,0.0,0.0,0.0,0.0,0
10,339,11,4,-0.0001582961122039,0.0,0.0,0.0,0.0,0.0,0.0,0
10,340,11,4,-0.0001573470217408,0.0,0.0,0.0,0.0,0.0,0.0,0
10,341,11,4,-0.000158636161359,0.0,0.0,0.0,0.0,0.0,0.0,0
10,342,11,4,-0.0001606262958375,0.0,0.0,0.0,0.0,0.0,0.0,0
10,343,11,4,-0.0001613634085515,0.0,0.0,0.0,0.0,0.0,0.0,0
10,344,11,4,-0.0001596388610778,0.0,0.0,0.0,0.0,0.0,0.0,0
10,345,11,4,-0.0001582242548465,0.0,0.0,0.0,0.0,0.0,0.0,0
10,346,11,4,-0.0001572749315528,0.0,0.0,0.0,0.0,0.0,0.0,0
10,347,11,4,-0.0001585652789799,0.0,0.0,0.0,0.0,0.0,0.0,0
10,348,11,4,-0.0001605438010301,0.0,0.0,0.0,0.0,0.0,0.0,0
10,349,11,4,-0.0001612775376997,0.0,0.0,0.0,0.0,0.0,0.0,0
10,350,11,4,-0.0001595547946635,0.0,0.0,0.0,0.0,0.0,0.0,0
10,351,11,4,-0.0001581365213496,0.0,0.0,0.0,0.0,0.0,0.0,0
10,352,12,4,-0.0001571884058648,0.0,0.0,0.0,0.0,0.0,0.0,0
10,353,12,4,-0.0001584779674885,0.0,0.0,0.0,0.0,0.0,0.0,0
10,354,12,4,-0.0001604441495146,0.0,0.0,0.0,0.0,0.0,0.0,0
10,355,12,4,-0.0001611762854736,0.0,0.0,0.0,0.0,0.0,0.0,0
10,356,12,4,-0.0001594555506017,0.0,0.0,0.0,0.0,0.0,0.0,0
10,357,12,4,-0.0001580341049702,0.0,0.0,0.0,0.0,0.0,0.0,0
10,358,12,4,-0.000157089147251,0.0,0.0,0.0,0.0,0.0,0.0,0
10,359,12,4,-0.0001583758858032,0.0,0.0,0.0,0.0,0.0,0.0,0
10,360,12,4,-0.0001603262790013,0.0,0.0,0.0,0.0,0.0,0.0,0
10,361,12,4,-0.0001610603940207,0.0,0.0,0.0,0.0,0.0,0.0,0
10,362,12,4,-0.0001593399792909,0.0,0.0,0.0,0.0,0.0,0.0,0
10,363,12,4,-0.0001579166564624,0.0,0.0,0.0,0.0,0.0,0.0,0
10,364,12,4,-0.0001569763990119,0.0,0.0,0.0,0.0,0.0,0.0,0
10,365,12,4,-0.0001582578406669,0.0,0.0,0.0,0.0,0.0,0.0,0
10,366,12,4,-0.0001601907279109,0.0,0.0,0.0,0.0,0.0,0.0,0
10,367,12,4,-0.0001609287573955,0.0,0.0,0.0,0.0,0.0,0.0,0
10,368,12,4,-0.0001592102635186,0.0,0.0,0.0,0.0,0.0,0.0,0
10,369,12,4,-0.0001577853108756,0.0,0.0,0.0,0.0,0.0,0.0,0
10,370,12,4,-0.0001568496518302,0.0,0.0,0.0,0.0,0.0,0.0,0
10,371,12,4,-0.0001581250980962,0.0,0.0,0.0,0.0,0.0,0.0,0
10,372,12,4,-0.0001600391988176,0.0,0.0,0.0,0.0,0.0,0.0,0
10,373,12,4,-0.0001607828889973,0.0,0.0,0.0,0.0,0.0,0.0,0
10,374,12,4,-0.0001590664178365,0.0,0.0,0.0,0.0,0.0,0.0,0
10,375,12,4,-0.0001576399226905,0.0,0.0,0.0,0.0,0.0,0.0,0
10,376,12,4,-0.0001567096333019,0.0,0.0,0.0,0.0,0.0,0.0,0
10,377,12,4,-0.0001579772215336,0.0,0.0,0.0,0.0,0.0,0.0,0
10,378,12,4,-0.0001598703529452,0.0,0.0,0.0,0.0,0.0,0.0,0
10,379,12,4,-0.0001606218429515,0.0,0.0,0.0,0.0,0.0,0.0,0
10,380,12,4,-0.0001589087332831,0.0,0.0,0.0,0.0,0.0,0.0,0
10,381,12,4,-0.0001574813068145,0.0,0.0,0.0,0.0,0.0,0.0,0
10,382,12,4,-0.0001565567363286,0.0,0.0,0.0,0.0,0.0,0.0,0
10,383,12,4,-0.0001578160590725,0.0,0.0,0.0,0.0,0.0,0.0,0
10,384,13,4,-0.0001596858492121,0.0,0.0,0.0,0.0,0.0,0.0,0
10,385,13,4,-0.0001604461722308,0.0,0.0,0.0,0.0,0.0,0.0,0
10,386,13,4,-0.000158736584126,0.0,0.0,0.0,0.0,0.0,0.0,0
10,387,13,4,-0.0001573087647557,0.0,0.0,0.0,0.0,0.0,0.0,0
10,388,13,4,-0.0001563924015499,0.0,0.0,0.0,0.0,0.0,0.0,0
10,389,13,4,-0.0001576424692757,0.0,0.0,0.0,0.0,0.0,0.0,0
10,390,13,4,-0.0001594847999513,0.0,0.0,0.0,0.0,0.0,0.0,0
10,391,13,4,-0.0001602558186277,0.0,0.0,0.0,0.0,0.0,0.0,0
10,392,13,4,-0.0001585514546604,0.0,0.0,0.0,0.0,0.0,0.0,0
10,393,13,4,-0.0001571240281919,0.0,0.0,0.0,0.0,0.0,0.0,0
10,394,13,4,-0.000156216439791,0.0,0.0,0.0,0.0,0.0,0.0,0
10,395,13,4,-0.0001574563939357,0.0,0.0,0.0,0.0,0.0,0.0,0
10,396,13,4,-0.0001592687476659,0.0,0.0,0.0,0.0,0.0,0.0,0
10,397,13,4,-0.000160051844432,0.0,0.0,0.0,0.0,0.0,0.0,0
10,398,13,4,-0.0001583534613018,0.0,0.0,0.0,0.0,0.0,0.0,0
10,399,13,4,-0.0001569270971231,0.0,0.0,0.0,0.0,0.0,0.0,0
10,400,13,5,-0.0001560298842377,0.0,0.0,0.0,0.0,0.0,0.0,0
10,401,13,5,-0.0001572585024405,0.0,0.0,0.0,0.0,0.0,0.0,0
10,402,13,5,-0.0001510652073193,0.0,0.0,0.0,0.0,0.0,0.0,0
10,403,13,5,-0.0001416682498529,0.0,0.0,0.0,0.0,0.0,0.0,0
10,404,13,5,-0.0001387559896102,0.0,0.0,0.0,0.0,0.0,0.0,0
10,405,13,5,-0.0001461819920223,0.0,0.0,0.0,0.0,0.0,0.0,0
10,406,13,5,-0.0001343959738733,0.0,0.0,0.0,0.0,0.0,0.0,0
10,407,13,5,-0.0001376444270135,0.0,0.0,0.0,0.0,0.0,0.0,0
10,408,13,5,-0.0001321723102591,0.0,0.0,0.0,0.0,0.0,0.0,0
10,409,13,5,-0.0001304918259847,0.0,0.0,0.0,0.0,0.0,0.0,0
10,410,13,5,-0.0001295123365707,0.0,0.0,0.0,0.0,0.0,0.0,0
10,411,13,5,-0.0001245605963049,0.0,0.0,0.0,0.0,0.0,0.0,0
10,412,13,5,-0.0001216287055285,0.0,0.0,0.0,0.0,0.0,0.0,0
10,413,13,5,-0.0001171934272861,0.0,0.0,0.0,0.0,0.0,0.0,0
10,414,13,5,-0.0001163965644082,0.0,0.0,0.0,0.0,0.0,0.0,0
10,415,13,5,-0.000112863657705,0.0,0.0,0.0,0.0,0.0,0.0,0
10,416,14,5,-0.0001115989507525,0.0,0.0,0.0,0.0,0.0,0.0,0
10,417,14,5,-0.0001077249180525,0.0,0.0,0.0,0.0,0.0,0.0,0
10,418,14,5,-0.0001071620281436,0.0,0.0,0.0,0.0,0.0,0.0,0
10,419,14,5,-0.0001033048247336,0.0,0.0,0.0,0.0,0.0,0.0,0
10,420,14,5,-0.0001027847538352,0.0,0.0,0.0,0.0,0.0,0.0,0
10,421,14,5,-9.979162859963252e-05,0.0,0.0,0.0,0.0,0.0,0.0,0
10,422,14,5,-9.858896373771132e-05,0.0,0.0,0.0,0.0,0.0,0.0,0
10,423,14,5,-9.594616858521476e-05,0.0,0.0,0.0,0.0,0.0,0.0,0
10,424,14,5,-9.483436588197948e-05,0.0,0.0,0.0,0.0,0.0,0.0,0
10,425,14,5,-9.297613723902032e-05,0.0,0.0,0.0,0.0,0.0,0.0,0
10,426,14,5,-9.210916323354468e-05,0.0,0.0,0.0,0.0,0.0,0.0,0
10,427,14,5,-9.082037286134435e-05,0.0,0.0,0.0,0.0,0.0,0.0,0
10,428,14,5,-8.988328045234084e-05,0.0,0.0,0.0,0.0,0.0,0.0,0
10,429,14,5,-8.88853392098099e-05,0.0,0.0,0.0,0.0,0.0,0.0,0
10,430,14,5,-8.800288196653128e-05,0.0,0.0,0.0,0.0,0.0,0.0,0
10,431,14,5,-8.745506056584418e-05,0.0,0.0,0.0,0.0,0.0,0.0,0
10,432,14,5,-8.688155503477901e-05,0.0,0.0,0.0,0.0,0.0,0.0,0
10,433,14,5,-8.662160689709708e-05,0.0,0.0,0.0,0.0,0.0,0.0,0
10,434,14,5,-8.648405491840094e-05,0.0,0.0,0.0,0.0,0.0,0.0,0
10,435,14,5,-8.623475150670856e-05,0.0,0.0,0.0,0.0,0.0,0.0,0
10,436,14,5,-8.61125226947479e-05,0.0,0.0,0.0,0.0,0.0,0.0,0
10,437,14,5,-8.592332596890628e-05,0.0,0.0,0.0,0.0,0.0,0.0,0
10,438,14,5,-8.584040187997743e-05,0.0,0.0,0.0,0.0,0.0,0.0,0
10,439,14,5,-8.56577098602429e-05,0.0,0.0,0.0,0.0,0.0,0.0,0
10,440,14,5,-8.556302782380953e-05,0.0,0.0,0.0,0.0,0.0,0.0,0
10,441,14,5,-8.538589463569224e-05,0.0,0.0,0.0,0.0,0.0,0.0,0
10,442,14,5,-8.526406600140035e-05,0.0,0.0,0.0,0.0,0.0,0.0,0
10,443,14,5,-8.509730105288327e-05,0.0,0.0,0.0,0.0,0.0,0.0,0
10,444,14,5,-8.494206122122705e-05,0.0,0.0,0.0,0.0,0.0,0.0,0
10,445,14,5,-8.479125972371548e-05,0.0,0.0,0.0,0.0,0.0,0.0,0
10,446,14,5,-8.460834214929491e-05,0.0,0.0,0.0,0.0,0.0,0.0,0
10,447,14,5,-8.447789878118783e-05,0.0,0.0,0.0,0.0,0.0,0.0,0
10,448,15,5,-8.428507862845436e-05,0.0,0.0,0.0,0.0,0.0,0.0,0
10,449,15,5,-8.413079922320321e-05,0.0,0.0,0.0,0.0,0.0,0.0,0
10,450,15,5,-8.394690667046234e-05,0.0,0.0,0.0,0.0,0.0,0.0,0
10,451,15,5,-8.374971366720274e-05,0.0,0.0,0.0,0.0,0.0,0.0,0
10,452,15,5,-8.35746614029631e-05,0.0,0.0,0.0,0.0,0.0,0.0,0
10,453,15,5,-8.336588507518172e-05,0.0,0.0,0.0,0.0,0.0,0.0,0
10,454,15,5,-8.318114123539999e-05,0.0,0.0,0.0,0.0,0.0,0.0,0
10,455,15,5,-8.298270404338837e-05,0.0,0.0,0.0,0.0,0.0,0.0,0
10,456,15,5,-8.278807217720896e-05,0.0,0.0,0.0,0.0,0.0,0.0,0
10,457,15,5,-8.260054892161861e-05,0.0,0.0,0.0,0.0,0.0,0.0,0
10,458,15,5,-8.240884926635772e-05,0.0,0.0,0.0,0.0,0.0,0.0,0
10,459,15,5,-8.222696487791836e-05,0.0,0.0,0.0,0.0,0.0,0.0,0
10,460,15,5,-8.204687765100971e-05,0.0,0.0,0.0,0.0,0.0,0.0,0
10,461,15,5,-8.187145431293175e-05,0.0,0.0,0.0,0.0,0.0,0.0,0
10,462,15,5,-8.170249930117279e-05,0.0,0.0,0.0,0.0,0.0,0.0,0
10,463,15,5,-8.153751696227118e-05,0.0,0.0,0.0,0.0,0.0,0.0,0
10,464,15,5,-8.137858822010458e-05,0.0,0.0,0.0,0.0,0.0,0.0,0
10,465,15,5,-8.122528379317373e-05,0.0,0.0,0.0,0.0,0.0,0.0,0
10,466,15,5,-8.10771161923185e-05,0.0,0.0,0.0,0.0,0.0,0.0,0
10,467,15,5,-8.093454380286857e-05,0.0,0.0,0.0,0.0,0.0,0.0,0
10,468,15,5,-8.0797282862477e-05,0.0,0.0,0.0,0.0,0.0,0.0,0
10,469,15,5,-8.066605369094759e-05,0.0,0.0,0.0,0.0,0.0,0.0,0
10,470,15,5,-8.053900091908872e-05,0.0,0.0,0.0,0.0,0.0,0.0,0
10,471,15,5,-8.041741966735572e-05,0.0,0.0,0.0,0.0,0.0,0.0,0
10,1,1,1,-8.89775765244849e-05,0.0,0.0,0.0,0.0,0.0,0.0,0
10,2,1,1,-8.560000424040481e-05,0.0,0.0,0.0,0.0,0.0,0.0,0
10,3,1,1,-8.141840226016939e-05,0.0,0.0,0.0,0.0,0.0,0.0,0
10,4,1,1,-7.972900493768975e-05,0.0,0.0,0.0,0.0,0.0,0.0,0
10,5,1,1,-7.900651689851657e-05,0.0,0.0,0.0,0.0,0.0,0.0,0
10,6,1,1,-7.656187517568469e-05,0.0,0.0,0.0,0.0,0.0,0.0,0
10,7,1,1,-7.281198486452922e-05,0.0,0.0,0.0,0.0,0.0,0.0,0
10,8,1,1,-6.966054206714034e-05,0.0,0.0,0.0,0.0,0.0,0.0,0
10,9,1,1,-6.78893702570349e-05,0.0,0.0,0.0,0.0,0.0,0.0,0
10,10,1,1,-6.673672760371119e-05,0.0,0.0,0.0,0.0,0.0,0.0,0
10,11,1,1,-6.470260996138677e-05,0.0,0.0,0.0,0.0,0.0,0.0,0
10,12,1,1,-6.341777043417096e-05,0.0,0.0,0.0,0.0,0.0,0.0,0
10,13,1,1,-6.095422577345744e-05,0.0,0.0,0.0,0.0,0.0,0.0,0
10,14,1,1,-5.878749652765691e-05,0.0,0.0,0.0,0.0,0.0,0.0,0
10,15,1,1,-5.738073741667904e-05,0.0,0.0,0.0,0.0,0.0,0.0,0
10,16,1,1,-5.498014434124343e-05,0.0,0.0,0.0,0.0,0.0,0.0,0
10,17,1,1,-5.395939660957083e-05,0.0,0.0,0.0,0.0,0.0,0.0,0
10,18,1,1,-5.238292214926332e-05,0.0,0.0,0.0,0.0,0.0,0.0,0
10,19,1,1,-5.107677134219557e-05,0.0,0.0,0.0,0.0,0.0,0.0,0
10,20,1,1,-5.017364674131386e-05,0.0,0.0,0.0,0.0,0.0,0.0,0
10,21,1,1,-4.889311094302684e-05,0.0,0.0,0.0,0.0,0.0,0.0,0
10,22,1,1,-4.6860623115208e-05,0.0,0.0,0.0,0.0,0.0,0.0,0
10,23,1,1,-4.515489490586333e-05,0.0,0.0,0.0,0.0,0.0,0.0,0
10,24,1,1,-4.410860128700733e-05,0.0,0.0,0.0,0.0,0.0,0.0,0
10,25,1,1,-4.340564555604942e-05,0.0,0.0,0.0,0.0,0.0,0.0,0
10,26,1,1,-4.185650323051959e-05,0.0,0.0,0.0,0.0,0.0,0.0,0
10,27,1,1,-4.129066292080097e-05,0.0,0.0,0.0,0.0,0.0,0.0,0
10,28,1,1,-4.0525592339690775e-05,0.0,0.0,0.0,0.0,0.0,0.0,0
10,29,1,1,-3.906440542778e-05,0.0,0.0,0.0,0.0,0.0,0.0,0
10,30,1,1,-3.8100984966149554e-05,0.0,0.0,0.0,0.0,0.0,0.0,0
10,31,1,1,-3.792913412326016e-05,0.0,0.0,0.0,0.0,0.0,0.0,0
10,32,2,1,-3.803322397288866e-05,0.0,0.0,0.0,0.0,0.0,0.0,0
10,33,2,1,-3.630623541539535e-05,0.0,0.0,0.0,0.0,0.0,0.0,0
10,34,2,1,-3.6300585634307936e-05,0.0,0.0,0.0,0.0,0.0,0.0,0
10,35,2,1,-3.61149686796125e-05,0.0,0.0,0.0,0.0,0.0,0.0,0
10,36,2,1,-3.5089113225694746e-05,0.0,0.0,0.0,0.0,0.0,0.0,0
10,37,2,1,-3.3721928048180416e-05,0.0,0.0,0.0,0.0,0.0,0.0,0
10,38,2,1,-3.334721259307116e-05,0.0,0.0,0.0,0.0,0.0,0.0,0
10,39,2,1,-3.3016509405570105e-05,0.0,0.0,0.0,0.0,0.0,0.0,0
10,40,2,1,-3.321219264762476e-05,0.0,0.0,0.0,0.0,0.0,0.0,0
10,41,2,1,-3.184692468494177e-05,0.0,0.0,0.0,0.0,0.0,0.0,0
10,42,2,1,-3.0661063647130504e-05,0.0,0.0,0.0,0.0,0.0,0.0,0
10,43,2,1,-3.090135214733891e-05,0.0,0.0,0.0,0.0,0.0,0.0,0
10,44,2,1,-3.115243453066796e-05,0.0,0.0,0.0,0.0,0.0,0.0,0
10,45,2,1,-3.116806328762323e-05,0.0,0.0,0.0,0.0,0.0,0.0,0
10,46,2,1,-3.118232780252583e-05,0.0,0.0,0.0,0.0,0.0,0.0,0
10,47,2,1,-3.060686503886245e-05,0.0,0.0,0.0,0.0,0.0,0.0,0
10,48,2,1,-3.102419577771798e-05,0.0,0.0,0.0,0.0,0.0,0.0,0
10,49,2,1,-3.0261782740126364e-05,0.0,0.0,0.0,0.0,0.0,0.0,0
10,50,2,1,-3.021064367203508e-05,0.0,0.0,0.0,0.0,0.0,0.0,0
10,51,2,1,-3.075731365242973e-05,0.0,0.0,0.0,0.0,0.0,0.0,0
10,52,2,1,-3.1697996746515855e-05,0.0,0.0,0.0,0.0,0.0,0.0,0
10,53,2,1,-3.163934525218792e-05,0.0,0.0,0.0,0.0,0.0,0.0,0
10,54,2,1,-3.1261406547855586e-05,0.0,0.0,0.0,0.0,0.0,0.0,0
10,55,2,1,-3.057115100091323e-05,0.0,0.0,0.0,0.0,0.0,0.0,0
10,56,2,1,-2.98706981993746e-05,0.0,0.0,0.0,0.0,0.0,0.0,0
10,57,2,1,-2.955178206320852e-05,0.0,0.0,0.0,0.0,0.0,0.0,0
10,58,2,1,-2.87638195004547e-05,0.0,0.0,0.0,0.0,0.0,0.0,0
10,59,2,1,-2.9199689379311167e-05,0.0,0.0,0.0,0.0,0.0,0.0,0
10,60,2,1,-2.9584758522105403e-05,0.0,0.0,0.0,0.0,0.0,0.0,0
10,61,2,1,-2.9615703169838525e-05,0.0,0.0,0.0,0.0,0.0,0.0,0
10,62,2,1,-2.9828388505848125e-05,0.0,0.0,0.0,0.0,0.0,0.0,0
10,63,2,1,-3.0060844437684864e-05,0.0,0.0,0.0,0.0,0.0,0.0,0
10,64,3,1,-2.9607943361043e-05,0.0,0.0,0.0,0.0,0.0,0.0,0
10,65,3,1,-2.943411709566135e-05,0.0,0.0,0.0,0.0,0.0,0.0,0
10,66,3,1,-2.894950739573688e-05,0.0,0.0,0.0,0.0,0.0,0.0,0
10,67,3,1,-2.925247281382326e-05,0.0,0.0,0.0,0.0,0.0,0.0,0
10,68,3,1,-2.9705634005949832e-05,0.0,0.0,0.0,0.0,0.0,0.0,0
10,69,3,1,-2.974891685880721e-05,0.0,0.0,0.0,0.0,0.0,0.0,0
10,70,3,1,-2.937354656751268e-05,0.0,0.0,0.0,0.0,0.0,0.0,0
10,71,3,1,-2.9672410164494067e-05,0.0,0.0,0.0,0.0,0.0,0.0,0
10,72,3,1,-2.9239710784167983e-05,0.0,0.0,0.0,0.0,0.0,0.0,0
10,73,3,1,-2.9196406103437766e-05,0.0,0.0,0.0,0.0,0.0,0.0,0
10,74,3,1,-2.977487565658521e-05,0.0,0.0,0.0,0.0,0.0,0.0,0
10,75,3,1,-3.0054980015847832e-05,0.0,0.0,0.0,0.0,0.0,0.0,0
10,76,3,1,-2.98181639664108e-05,0.0,0.0,0.0,0.0,0.0,0.0,0
10,77,3,1,-2.940630838565994e-05,0.0,0.0,0.0,0.0,0.0,0.0,0
10,78,3,1,-3.0325834813993424e-05,0.0,0.0,0.0,0.0,0.0,0.0,0
10,79,3,1,-3.0240738851716745e-05,0.0,0.0,0.0,0.0,0.0,0.0,0
10,80,3,1,-2.937369754363317e-05,0.0,0.0,0.0,0.0,0.0,0.0,0
10,81,3,1,-2.920127371908165e-05,0.0,0.0,0.0,0.0,0.0,0.0,0
10,82,3,1,-2.8944275982212275e-05,0.0,0.0,0.0,0.0,0.0,0.0,0
10,83,3,1,-2.8698528694803827e-05,0.0,0.0,0.0,0.0,0.0,0.0,0
10,84,3,1,-2.8261618354008533e-05,0.0,0.0,0.0,0.0,0.0,0.0,0
10,85,3,1,-2.823784416250419e-05,0.0,0.0,0.0,0.0,0.0,0.0,0
10,86,3,1,-2.844497430487536e-05,0.0,0.0,0.0,0.0,0.0,0.0,0
10,87,3,1,-2.815152402035892e-05,0.0,0.0,0.0,0.0,0.0,0.0,0
10,88,3,1,-2.8055592338205315e-05,0.0,0.0,0.0,0.0,0.0,0.0,0
10,89,3,1,-2.8036893127136864e-05,0.0,0.0,0.0,0.0,0.0,0.0,0
10,90,3,1,-2.856251194316428e-05,0.0,0.0,0.0,0.0,0.0,0.0,0
10,91,3,1,-2.838993168552406e-05,0.0,0.0,0.0,0.0,0.0,0.0,0
10,92,3,1,-2.846696588676423e-05,0.0,0.0,0.0,0.0,0.0,0.0,0
10,93,3,1,-2.845021663233637e-05,0.0,0.0,0.0,0.0,0.0,0.0,0
10,94,3,1,-2.7874726583831944e-05,0.0,0.0,0.0,0.0,0.0,0.0,0
10,95,3,1,-2.785881224554032e-05,0.0,0.0,0.0,0.0,0.0,0.0,0
10,96,4,1,-2.770717765088193e-05,0.0,0.0,0.0,0.0,0.0,0.0,0
10,97,4,1,-2.795066211547237e-05,0.0,0.0,0.0,0.0,0.0,0.0,0
10,98,4,1,-2.7989919544779696e-05,0.0,0.0,0.0,0.0,0.0,0.0,0
10,99,4,1,-2.778663110802881e-05,0.0,0.0,0.0,0.0,0.0,0.0,0
10,100,4,2,-2.763649172266014e-05,0.0,0.0,0.0,0.0,0.0,0.0,0
10,101,4,2,-2.7654448786051944e-05,0.0,0.0,0.0,0.0,0.0,0.0,0
10,102,4,2,-2.7840018447022885e-05,0.0,0.0,0.0,0.0,0.0,0.0,0
10,103,4,2,-2.8265030778129585e-05,0.0,0.0,0.0,0.0,0.0,0.0,0
10,104,4,2,-2.8471426048781723e-05,0.0,0.0,0.0,0.0,0.0,0.0,0
10,105,4,2,-2.832768768712413e-05,0.0,0.0,0.0,0.0,0.0,0.0,0
10,106,4,2,-2.818788016156759e-05,0.0,0.0,0.0,0.0,0.0,0.0,0
10,107,4,2,-2.82609853456961e-05,0.0,0.0,0.0,0.0,0.0,0.0,0
10,108,4,2,-2.7775062335422263e-05,0.0,0.0,0.0,0.0,0.0,0.0,0
10,109,4,2,-2.7952190066571347e-05,0.0,0.0,0.0,0.0,0.0,0.0,0
10,110,4,2,-2.8217436920385808e-05,0.0,0.0,0.0,0.0,0.0,0.0,0
10,111,4,2,-2.8463158741942607e-05,0.0,0.0,0.0,0.0,0.0,0.0,0
10,112,4,2,-2.7393953132559545e-05,0.0,0.0,0.0,0.0,0.0,0.0,0
10,113,4,2,-2.7864232833962888e-05,0.0,0.0,0.0,0.0,0.0,0.0,0
10,114,4,2,-2.874949495890177e-05,0.0,0.0,0.0,0.0,0.0,0.0,0
10,115,4,2,-2.859660344256553e-05,0.0,0.0,0.0,0.0,0.0,0.0,0
10,116,4,2,-2.785335345834028e-05,0.0,0.0,0.0,0.0,0.0,0.0,0
10,117,4,2,-2.820594636432361e-05,0.0,0.0,0.0,0.0,0.0,0.0,0
10,118,4,2,-2.798778768919874e-05,0.0,0.0,0.0,0.0,0.0,0.0,0
10,119,4,2,-2.906161898863502e-05,0.0,0.0,0.0,0.0,0.0,0.0,0
10,120,4,2,-2.88207611447433e-05,0.0,0.0,0.0,0.0,0.0,0.0,0
10,121,4,2,-2.7999467420158908e-05,0.0,0.0,0.0,0.0,0.0,0.0,0
10,122,4,2,-2.7788761144620366e-05,0.0,0.0,0.0,0.0,0.0,0.0,0
10,123,4,2,-2.7560654416447505e-05,0.0,0.0,0.0,0.0,0.0,0.0,0
10,124,4,2,-2.932595998572652e-05,0.0,0.0,0.0,0.0,0.0,0.0,0
10,125,4,2,-2.813753599184565e-05,0.0,0.0,0.0,0.0,0.0,0.0,0
10,126,4,2,-2.7814339773613028e-05,0.0,0.0,0.0,0.0,0.0,0.0,0
10,127,4,2,-2.795270847855136e-05,0.0,0.0,0.0,0.0,0.0,0.0,0
10,128,5,2,-2.9086275390000083e-05,0.0,0.0,0.0,0.0,0.0,0.0,0
10,129,5,2,-2.8399270377121862e-05,0.0,0.0,0.0,0.0,0.0,0.0,0
10,130,5,2,-2.837810461642221e-05,0.0,0.0,0.0,0.0,0.0,0.0,0
10,131,5,2,-2.8558239137055352e-05,0.0,0.0,0.0,0.0,0.0,0.0,0
10,132,5,2,-2.843203765223734e-05,0.0,0.0,0.0,0.0,0.0,0.0,0
10,133,5,2,-2.856977334886324e-05,0.0,0.0,0.0,0.0,0.0,0.0,0
10,134,5,2,-2.9311726393643767e-05,0.0,0.0,0.0,0.0,0.0,0.0,0
10,135,5,2,-2.9372611606959254e-05,0.0,0.0,0.0,0.0,0.0,0.0,0
10,136,5,2,-2.933873292931821e-05,0.0,0.0,0.0,0.0,0.0,0.0,0
10,137,5,2,-2.880642205127515e-05,0.0,0.0,0.0,0.0,0.0,0.0,0
10,138,5,2,-2.877959741454105e-05,0.0,0.0,0.0,0.0,0.0,0.0,0
10,139,5,2,-2.8903374186484143e-05,0.0,0.0,0.0,0.0,0.0,0.0,0
10,140,5,2,-2.8932030545547605e-05,0.0,0.0,0.0,0.0,0.0,0.0,0
10,141,5,2,-2.890568066504784e-05,0.0,0.0,0.0,0.0,0.0,0.0,0
10,142,5,2,-2.8748117983923294e-05,0.0,0.0,0.0,0.0,0.0,0.0,0
10,143,5,2,-2.8934353395015933e-05,0.0,0.0,0.0,0.0,0.0,0.0,0
10,144,5,2,-2.873598168662284e-05,0.0,0.0,0.0,0.0,0.0,0.0,0
10,145,5,2,-2.85003952740226e-05,0.0,0.0,0.0,0.0,0.0,0.0,0
10,146,5,2,-2.853416845027823e-05,0.0,0.0,0.0,0.0,0.0,0.0,0
10,147,5,2,-2.8104383090976626e-05,0.0,0.0,0.0,0.0,0.0,0.0,0
10,148,5,2,-2.827163552865386e-05,0.0,0.0,0.0,0.0,0.0,0.0,0
10,149,5,2,-2.846317147486843e-05,0.0,0.0,0.0,0.0,0.0,0.0,0
10,150,5,2,-2.8679711249424145e-05,0.0,0.0,0.0,0.0,0.0,0.0,0
10,151,5,2,-2.829927143466193e-05,0.0,0.0,0.0,0.0,0.0,0.0,0
10,152,5,2,-2.837107058439869e-05,0.0,0.0,0.0,0.0,0.0,0.0,0
10,153,5,2,-2.843640504579525e-05,0.0,0.0,0.0,0.0,0.0,0.0,0
10,154,5,2,-2.8901451514684595e-05,0.0,0.0,0.0,0.0,0.0,0.0,0
10,155,5,2,-2.897501144616399e-05,0.0,0.0,0.0,0.0,0.0,0.0,0
10,156,5,2,-2.8888629458379e-05,0.0,0.0,0.0,0.0,0.0,0.0,0
10,157,5,2,-2.913534081017133e-05,0.0,0.0,0.0,0.0,0.0,0.0,0
10,158,5,2,-2.9368051400524564e-05,0.0,0.0,0.0,0.0,0.0,0.0,0
10,159,5,2,-2.981617217301391e-05,0.0,0.0,0.0,0.0,0.0,0.0,0
10,160,6,2,-2.920461520261597e-05,0.0,0.0,0.0,0.0,0.0,0.0,0
10,161,6,2,-2.940898593806196e-05,0.0,0.0,0.0,0.0,0.0,0.0,0
10,162,6,2,-2.90568896161858e-05,0.0,0.0,0.0,0.0,0.0,0.0,0
10,163,6,2,-2.922187195508741e-05,0.0,0.0,0.0,0.0,0.0,0.0,0
10,164,6,2,-2.9207869374658912e-05,0.0,0.0,0.0,0.0,0.0,0.0,0
10,165,6,2,-2.91032629320398e-05,0.0,0.0,0.0,0.0,0.0,0.0,0
10,166,6,2,-2.933608448074665e-05,0.0,0.0,0.0,0.0,0.0,0.0,0
10,167,6,2,-2.882668377424125e-05,0.0,0.0,0.0,0.0,0.0,0.0,0
10,168,6,2,-2.921054874605033e-05,0.0,0.0,0.0,0.0,0.0,0.0,0
10,169,6,2,-2.8838472644565627e-05,0.0,0.0,0.0,0.0,0.0,0.0,0
10,170,6,2,-2.946776112366933e-05,0.0,0.0,0.0,0.0,0.0,0.0,0
10,171,6,2,-2.9757606171187945e-05,0.0,0.0,0.0,0.0,0.0,0.0,0
10,172,6,2,-2.9672901291633025e-05,0.0,0.0,0.0,0.0,0.0,0.0,0
10,173,6,2,-2.9323426133487374e-05,0.0,0.0,0.0,0.0,0.0,0.0,0
10,174,6,2,-2.8582109734998085e-05,0.0,0.0,0.0,0.0,0.0,0.0,0
10,175,6,2,-2.887486152758356e-05,0.0,0.0,0.0,0.0,0.0,0.0,0
10,176,6,2,-2.9013401217525825e-05,0.0,0.0,0.0,0.0,0.0,0.0,0
10,177,6,2,-2.889984352805186e-05,0.0,0.0,0.0,0.0,0.0,0.0,0
10,178,6,2,-2.930833761638496e-05,0.0,0.0,0.0,0.0,0.0,0.0,0
10,179,6,2,-2.9145383450668305e-05,0.0,0.0,0.0,0.0,0.0,0.0,0
10,180,6,2,-2.8686903533525765e-05,0.0,0.0,0.0,0.0,0.0,0.0,0
10,181,6,2,-2.846672396117356e-05,0.0,0.0,0.0,0.0,0.0,0.0,0
10,182,6,2,-2.867792318284046e-05,0.0,0.0,0.0,0.0,0.0,0.0,0
10,183,6,2,-2.9048855139990337e-05,0.0,0.0,0.0,0.0,0.0,0.0,0
10,184,6,2,-2.900755134760402e-05,0.0,0.0,0.0,0.0,0.0,0.0,0
10,185,6,2,-2.947674147435464e-05,0.0,0.0,0.0,0.0,0.0,0.0,0
10,186,6,2,-2.975348797917832e-05,0.0,0.0,0.0,0.0,0.0,0.0,0
10,187,6,2,-2.974502422148361e-05,0.0,0.0,0.0,0.0,0.0,0.0,0
10,188,6,2,-2.9844599339412525e-05,0.0,0.0,0.0,0.0,0.0,0.0,0
10,189,6,2,-3.0282762963906865e-05,0.0,0.0,0.0,0.0,0.0,0.0,0
10,190,6,2,-3.040280716959387e-05,0.0,0.0,0.0,0.0,0.0,0.0,0
10,191,6,2,-2.955132731585764e-05,0.0,0.0,0.0,0.0,0.0,0.0,0
10,192,7,2,-2.925080480054021e-05,0.0,0.0,0.0,0.0,0.0,0.0,0
10,193,7,2,-2.8986316465307027e-05,0.0,0.0,0.0,0.0,0.0,0.0,0
10,194,7,2,-2.915270124503877e-05,0.0,0.0,0.0,0.0,0.0,0.0,0
10,195,7,2,-2.8863752959296107e-05,0.0,0.0,0.0,0.0,0.0,0.0,0
10,196,7,2,-2.884704190364573e-05,0.0,0.0,0.0,0.0,0.0,0.0,0
10,197,7,2,-2.863917870854493e-05,0.0,0.0,0.0,0.0,0.0,0.0,0
10,198,7,2,-2.884955938498024e-05,0.0,0.0,0.0,0.0,0.0,0.0,0
10,199,7,2,-2.908823080360889e-05,0.0,0.0,0.0,0.0,0.0,0.0,0
10,200,7,3,-2.8531954740174115e-05,0.0,0.0,0.0,0.0,0.0,0.0,0
10,201,7,3,-2.8625212507904507e-05,0.0,0.0,0.0,0.0,0.0,0.0,0
10,202,7,3,-2.865030182874761e-05,0.0,0.0,0.0,0.0,0.0,0.0,0
10,203,7,3,-2.8684344215434976e-05,0.0,0.0,0.0,0.0,0.0,0.0,0
10,204,7,3,-2.8806240152334794e-05,0.0,0.0,0.0,0.0,0.0,0.0,0
10,205,7,3,-2.8066831873729825e-05,0.0,0.0,0.0,0.0,0.0,0.0,0
10,206,7,3,-2.779562964860816e-05,0.0,0.0,0.0,0.0,0.0,0.0,0
10,207,7,3,-2.790518738038372e-05,0.0,0.0,0.0,0.0,0.0,0.0,0
10,208,7,3,-2.8181942980154417e-05,0.0,0.0,0.0,0.0,0.0,0.0,0
10,209,7,3,-2.8265963919693604e-05,0.0,0.0,0.0,0.0,0.0,0.0,0
10,210,7,3,-2.7315732950228263e-05,0.0,0.0,0.0,0.0,0.0,0.0,0
10,211,7,3,-2.767469413811341e-05,0.0,0.0,0.0,0.0,0.0,0.0,0
10,212,7,3,-2.7823556592920795e-05,0.0,0.0,0.0,0.0,0.0,0.0,0
10,213,7,3,-2.861820757971145e-05,0.0,0.0,0.0,0.0,0.0,0.0,0
10,214,7,3,-2.8939817639184184e-05,0.0,0.0,0.0,0.0,0.0,0.0,0
10,215,7,3,-2.8186739655211568e-05,0.0,0.0,0.0,0.0,0.0,0.0,0
10,216,7,3,-2.8270478651393205e-05,0.0,0.0,0.0,0.0,0.0,0.0,0
10,217,7,3,-2.8513595680124126e-05,0.0,0.0,0.0,0.0,0.0,0.0,0
10,218,7,3,-2.8902586564072408e-05,0.0,0.0,0.0,0.0,0.0,0.0,0
10,219,7,3,-2.8308164473855868e-05,0.0,0.0,0.0,0.0,0.0,0.0,0
10,220,7,3,-2.777844201773405e-05,0.0,0.0,0.0,0.0,0.0,0.0,0
10,221,7,3,-2.8072166969650425e-05,0.0,0.0,0.0,0.0,0.0,0.0,0
10,222,7,3,-2.7429461624706164e-05,0.0,0.0,0.0,0.0,0.0,0.0,0
10,223,7,3,-2.848822987289168e-05,0.0,0.0,0.0,0.0,0.0,0.0,0
10,224,8,3,-2.8731215934385546e-05,0.0,0.0,0.0,0.0,0.0,0.0,0
10,225,8,3,-2.9246350095490925e-05,0.0,0.0,0.0,0.0,0.0,0.0,0
10,226,8,3,-2.9056389394099824e-05,0.0,0.0,0.0,0.0,0.0,0.0,0
10,227,8,3,-2.8346754334052093e-05,0.0,0.0,0.0,0.0,0.0,0.0,0
10,228,8,3,-2.853532714652829e-05,0.0,0.0,0.0,0.0,0.0,0.0,0
10,229,8,3,-2.785063225019257e-05,0.0,0.0,0.0,0.0,0.0,0.0,0
10,230,8,3,-2.814357321767602e-05,0.0,0.0,0.0,0.0,0.0,0.0,0
10,231,8,3,-2.8306832973612472e-05,0.0,0.0,0.0,0.0,0.0,0.0,0
10,232,8,3,-2.830185621860437e-05,0.0,0.0,0.0,0.0,0.0,0.0,0
10,233,8,3,-2.76997743640095e-05,0.0,0.0,0.0,0.0,0.0,0.0,0
10,234,8,3,-2.744988159975037e-05,0.0,0.0,0.0,0.0,0.0,0.0,0
10,235,8,3,-2.8145725082140416e-05,0.0,0.0,0.0,0.0,0.0,0.0,0
10,236,8,3,-2.802296512527392e-05,0.0,0.0,0.0,0.0,0.0,0.0,0
10,237,8,3,-2.8899696189910173e-05,0.0,0.0,0.0,0.0,0.0,0.0,0
10,238,8,3,-2.8349921194603667e-05,0.0,0.0,0.0,0.0,0.0,0.0,0
10,239,8,3,-2.784143907774705e-05,0.0,0.0,0.0,0.0,0.0,0.0,0
10,240,8,3,-2.8495649530668743e-05,0.0,0.0,0.0,0.0,0.0,0.0,0
10,241,8,3,-2.835187297023367e-05,0.0,0.0,0.0,0.0,0.0,0.0,0
10,242,8,3,-2.830131597875152e-05,0.0,0.0,0.0,0.0,0.0,0.0,0
10,243,8,3,-2.856140781659633e-05,0.0,0.0,0.0,0.0,0.0,0.0,0
10,244,8,3,-2.865607712010388e-05,0.0,0.0,0.0,0.0,0.0,0.0,0
10,245,8,3,-2.7860660338774323e-05,0.0,0.0,0.0,0.0,0.0,0.0,0
10,246,8,3,-2.830340417858679e-05,0.0,0.0,0.0,0.0,0.0,0.0,0
10,247,8,3,-2.816061532939784e-05,0.0,0.0,0.0,0.0,0.0,0.0,0
10,248,8,3,-2.8477306841523387e-05,0.0,0.0,0.0,0.0,0.0,0.0,0
10,249,8,3,-2.8766025934601203e-05,0.0,0.0,0.0,0.0,0.0,0.0,0
10,250,8,3,-2.9259406801429577e-05,0.0,0.0,0.0,0.0,0.0,0.0,0
10,251,8,3,-3.006414226547349e-05,0.0,0.0,0.0,0.0,0.0,0.0,0
10,252,8,3,-2.869041964004282e-05,0.0,0.0,0.0,0.0,0.0,0.0,0
10,253,8,3,-2.823452632583212e-05,0.0,0.0,0.0,0.0,0.0,0.0,0
10,254,8,3,-2.817035965563264e-05,0.0,0.0,0.0,0.0,0.0,0.0,0
10,255,8,3,-2.806462180160452e-05,0.0,0.0,0.0,0.0,0.0,0.0,0
10,256,9,3,-2.8122618459747173e-05,0.0,0.0,0.0,0.0,0.0,0.0,0
10,257,9,3,-2.7669324481394145e-05,0.0,0.0,0.0,0.0,0.0,0.0,0
10,258,9,3,-2.814485560520552e-05,0.0,0.0,0.0,0.0,0.0,0.0,0
10,259,9,3,-2.786815821309574e-05,0.0,0.0,0.0,0.0,0.0,0.0,0
10,260,9,3,-2.780969225568697e-05,0.0,0.0,0.0,0.0,0.0,0.0,0
10,261,9,3,-2.800088805088308e-05,0.0,0.0,0.0,0.0,0.0,0.0,0
10,262,9,3,-2.8654380002990365e-05,0.0,0.0,0.0,0.0,0.0,0.0,0
10,263,9,3,-2.8423524781828743e-05,0.0,0.0,0.0,0.0,0.0,0.0,0
10,264,9,3,-2.883591332647484e-05,0.0,0.0,0.0,0.0,0.0,0.0,0
10,265,9,3,-2.908669375756289e-05,0.0,0.0,0.0,0.0,0.0,0.0,0
10,266,9,3,-2.8628464860958047e-05,0.0,0.0,0.0,0.0,0.0,0.0,0
10,267,9,3,-2.9074990379740484e-05,0.0,0.0,0.0,0.0,0.0,0.0,0
10,268,9,3,-2.923196916526649e-05,0.0,0.0,0.0,0.0,0.0,0.0,0
10,269,9,3,-2.878923987736925e-05,0.0,0.0,0.0,0.0,0.0,0.0,0
10,270,9,3,-2.8526286769192662e-05,0.0,0.0,0.0,0.0,0.0,0.0,0
10,271,9,3,-2.921424493251834e-05,0.0,0.0,0.0,0.0,0.0,0.0,0
10,272,9,3,-3.005511644005309e-05,0.0,0.0,0.0,0.0,0.0,0.0,0
10,273,9,3,-3.0005614462425e-05,0.0,0.0,0.0,0.0,0.0,0.0,0
10,274,9,3,-2.953470357169863e-05,0.0,0.0,0.0,0.0,0.0,0.0,0
10,275,9,3,-2.9889588404330425e-05,0.0,0.0,0.0,0.0,0.0,0.0,0
10,276,9,3,-3.0358451112988405e-05,0.0,0.0,0.0,0.0,0.0,0.0,0
10,277,9,3,-2.9759816243313253e-05,0.0,0.0,0.0,0.0,0.0,0.0,0
10,278,9,3,-2.9733260817010887e-05,0.0,0.0,0.0,0.0,0.0,0.0,0
10,279,9,3,-3.041388663405087e-05,0.0,0.0,0.0,0.0,0.0,0.0,0
10,280,9,3,-2.908422720793169e-05,0.0,0.0,0.0,0.0,0.0,0.0,0
10,281,9,3,-2.916372977779247e-05,0.0,0.0,0.0,0.0,0.0,0.0,0
10,282,9,3,-2.861860957636964e-05,0.0,0.0,0.0,0.0,0.0,0.0,0
10,283,9,3,-2.876273174479138e-05,0.0,0.0,0.0,0.0,0.0,0.0,0
10,284,9,3,-2.821946873154957e-05,0.0,0.0,0.0,0.0,0.0,0.0,0
10,285,9,3,-2.836285420926288e-05,0.0,0.0,0.0,0.0,0.0,0.0,0
10,286,9,3,-2.844988921424374e-05,0.0,0.0,0.0,0.0,0.0,0.0,0
10,287,9,3,-2.869161471608095e-05,0.0,0.0,0.0,0.0,0.0,0.0,0
10,288,10,3,-2.803989809763152e-05,0.0,0.0,0.0,0.0,0.0,0.0,0
10,289,10,3,-2.808443969115615e-05,0.0,0.0,0.0,0.0,0.0,0.0,0
10,290,10,3,-2.752995351329446e-05,0.0,0.0,0.0,0.0,0.0,0.0,0
10,291,10,3,-2.816393316606991e-05,0.0,0.0,0.0,0.0,0.0,0.0,0
10,292,10,3,-2.825647061399649e-05,0.0,0.0,0.0,0.0,0.0,0.0,0
10,293,10,3,-2.850294367817696e-05,0.0,0.0,0.0,0.0,0.0,0.0,0
10,294,10,3,-2.8419321097317152e-05,0.0,0.0,0.0,0.0,0.0,0.0,0
10,295,10,3,-2.871643300750293e-05,0.0,0.0,0.0,0.0,0.0,0.0,0
10,296,10,3,-2.869650234060828e-05,0.0,0.0,0.0,0.0,0.0,0.0,0
10,297,10,3,-2.884223249566276e-05,0.0,0.0,0.0,0.0,0.0,0.0,0
10,298,10,3,-2.924584077845793e-05,0.0,0.0,0.0,0.0,0.0,0.0,0
10,299,10,3,-2.8907561500091102e-05,0.0,0.0,0.0,0.0,0.0,0.0,0
10,300,10,4,-2.856238279491663e-05,0.0,0.0,0.0,0.0,0.0,0.0,0
10,301,10,4,-2.9224547688500024e-05,0.0,0.0,0.0,0.0,0.0,0.0,0
10,302,10,4,-2.871113974833861e-05,0.0,0.0,0.0,0.0,0.0,0.0,0
10,303,10,4,-2.853202204278205e-05,0.0,0.0,0.0,0.0,0.0,0.0,0
10,304,10,4,-2.913997013820336e-05,0.0,0.0,0.0,0.0,0.0,0.0,0
10,305,10,4,-2.942434002761729e-05,0.0,0.0,0.0,0.0,0.0,0.0,0
10,306,10,4,-2.8686734367511235e-05,0.0,0.0,0.0,0.0,0.0,0.0,0
10,307,10,4,-2.853807200153824e-05,0.0,0.0,0.0,0.0,0.0,0.0,0
10,308,10,4,-2.8513908546301536e-05,0.0,0.0,0.0,0.0,0.0,0.0,0
10,309,10,4,-2.863021109078545e-05,0.0,0.0,0.0,0.0,0.0,0.0,0
10,310,10,4,-2.860467429854907e-05,0.0,0.0,0.0,0.0,0.0,0.0,0
10,311,10,4,-2.8736811145790853e-05,0.0,0.0,0.0,0.0,0.0,0.0,0
10,312,10,4,-2.9064516638754867e-05,0.0,0.0,0.0,0.0,0.0,0.0,0
10,313,10,4,-2.8732407372444868e-05,0.0,0.0,0.0,0.0,0.0,0.0,0
10,314,10,4,-2.865327223844361e-05,0.0,0.0,0.0,0.0,0.0,0.0,0
10,315,10,4,-2.867567309294828e-05,0.0,0.0,0.0,0.0,0.0,0.0,0
10,316,10,4,-2.9235874535515904e-05,0.0,0.0,0.0,0.0,0.0,0.0,0
10,317,10,4,-2.855398997780867e-05,0.0,0.0,0.0,0.0,0.0,0.0,0
10,318,10,4,-2.891630538215395e-05,0.0,0.0,0.0,0.0,0.0,0.0,0
10,319,10,4,-2.944140214822255e-05,0.0,0.0,0.0,0.0,0.0,0.0,0
10,320,11,4,-2.91476881102426e-05,0.0,0.0,0.0,0.0,0.0,0.0,0
10,321,11,4,-2.9152643037377857e-05,0.0,0.0,0.0,0.0,0.0,0.0,0
10,322,11,4,-2.9711965908063576e-05,0.0,0.0,0.0,0.0,0.0,0.0,0
10,323,11,4,-2.987078551086597e-05,0.0,0.0,0.0,0.0,0.0,0.0,0
10,324,11,4,-3.0068375053815544e-05,0.0,0.0,0.0,0.0,0.0,0.0,0
10,325,11,4,-2.99051716865506e-05,0.0,0.0,0.0,0.0,0.0,0.0,0
10,326,11,4,-3.038293834833894e-05,0.0,0.0,0.0,0.0,0.0,0.0,0
10,327,11,4,-2.9795157388434745e-05,0.0,0.0,0.0,0.0,0.0,0.0,0
10,328,11,4,-2.956830940092913e-05,0.0,0.0,0.0,0.0,0.0,0.0,0
10,329,11,4,-2.8948881663382053e-05,0.0,0.0,0.0,0.0,0.0,0.0,0
10,330,11,4,-2.9304139388841577e-05,0.0,0.0,0.0,0.0,0.0,0.0,0
10,331,11,4,-2.972384936583694e-05,0.0,0.0,0.0,0.0,0.0,0.0,0
10,332,11,4,-2.924117688962724e-05,0.0,0.0,0.0,0.0,0.0,0.0,0
10,333,11,4,-3.005635699082632e-05,0.0,0.0,0.0,0.0,0.0,0.0,0
10,334,11,4,-2.991220389958471e-05,0.0,0.0,0.0,0.0,0.0,0.0,0
10,335,11,4,-2.94324509013677e-05,0.0,0.0,0.0,0.0,0.0,0.0,0
10,336,11,4,-2.964240229630377e-05,0.0,0.0,0.0,0.0,0.0,0.0,0
10,337,11,4,-2.946938002423849e-05,0.0,0.0,0.0,0.0,0.0,0.0,0
10,338,11,4,-2.951677197415848e-05,0.0,0.0,0.0,0.0,0.0,0.0,0
10,339,11,4,-2.977003896376118e-05,0.0,0.0,0.0,0.0,0.0,0.0,0
10,340,11,4,-2.961774771392811e-05,0.0,0.0,0.0,0.0,0.0,0.0,0
10,341,11,4,-2.815678271872457e-05,0.0,0.0,0.0,0.0,0.0,0.0,0
10,342,11,4,-2.8391390515025705e-05,0.0,0.0,0.0,0.0,0.0,0.0,0
10,343,11,4,-2.8516127713373866e-05,0.0,0.0,0.0,0.0,0.0,0.0,0
10,344,11,4,-2.93358534690924e-05,0.0,0.0,0.0,0.0,0.0,0.0,0
10,345,11,4,-2.929520087491256e-05,0.0,0.0,0.0,0.0,0.0,0.0,0
10,346,11,4,-2.862294422811829e-05,0.0,0.0,0.0,0.0,0.0,0.0,0
10,347,11,4,-2.829685399774462e-05,0.0,0.0,0.0,0.0,0.0,0.0,0
10,348,11,4,-2.884704372263513e-05,0.0,0.0,0.0,0.0,0.0,0.0,0
10,349,11,4,-2.880343708966393e-05,0.0,0.0,0.0,0.0,0.0,0.0,0
10,350,11,4,-2.853099249477964e-05,0.0,0.0,0.0,0.0,0.0,0.0,0
10,351,11,4,-2.833526377798989e-05,0.0,0.0,0.0,0.0,0.0,0.0,0
10,352,12,4,-2.929422589659225e-05,0.0,0.0,0.0,0.0,0.0,0.0,0
10,353,12,4,-2.9391187126748264e-05,0.0,0.0,0.0,0.0,0.0,0.0,0
10,354,12,4,-2.941447564808186e-05,0.0,0.0,0.0,0.0,0.0,0.0,0
10,355,12,4,-2.8983396987314336e-05,0.0,0.0,0.0,0.0,0.0,0.0,0
10,356,12,4,-2.8407699574017897e-05,0.0,0.0,0.0,0.0,0.0,0.0,0
10,357,12,4,-2.8352762456052005e-05,0.0,0.0,0.0,0.0,0.0,0.0,0
10,358,12,4,-2.82702712866012e-05,0.0,0.0,0.0,0.0,0.0,0.0,0
10,359,12,4,-2.893619239330292e-05,0.0,0.0,0.0,0.0,0.0,0.0,0
10,360,12,4,-2.909909380832687e-05,0.0,0.0,0.0,0.0,0.0,0.0,0
10,361,12,4,-2.934042458946351e-05,0.0,0.0,0.0,0.0,0.0,0.0,0
10,362,12,4,-2.904156281147152e-05,0.0,0.0,0.0,0.0,0.0,0.0,0
10,363,12,4,-2.908603710238821e-05,0.0,0.0,0.0,0.0,0.0,0.0,0
10,364,12,4,-2.916240009653848e-05,0.0,0.0,0.0,0.0,0.0,0.0,0
10,365,12,4,-2.9163184080971405e-05,0.0,0.0,0.0,0.0,0.0,0.0,0
10,366,12,4,-2.870519892894663e-05,0.0,0.0,0.0,0.0,0.0,0.0,0
10,367,12,4,-2.8642991310334764e-05,0.0,0.0,0.0,0.0,0.0,0.0,0
10,368,12,4,-2.8367843697196804e-05,0.0,0.0,0.0,0.0,0.0,0.0,0
10,369,12,4,-2.852409306797199e-05,0.0,0.0,0.0,0.0,0.0,0.0,0
10,370,12,4,-2.851261706382502e-05,0.0,0.0,0.0,0.0,0.0,0.0,0
10,371,12,4,-2.8400736482581124e-05,0.0,0.0,0.0,0.0,0.0,0.0,0
10,372,12,4,-2.823002250806894e-05,0.0,0.0,0.0,0.0,0.0,0.0,0
10,373,12,4,-2.8650414606090635e-05,0.0,0.0,0.0,0.0,0.0,0.0,0
10,374,12,4,-2.8584305255208164e-05,0.0,0.0,0.0,0.0,0.0,0.0,0
10,375,12,4,-2.852678517228924e-05,0.0,0.0,0.0,0.0,0.0,0.0,0
10,376,12,4,-2.863267400243785e-05,0.0,0.0,0.0,0.0,0.0,0.0,0
10,377,12,4,-2.8346452381811105e-05,0.0,0.0,0.0,0.0,0.0,0.0,0
10,378,12,4,-2.8598269636859183e-05,0.0,0.0,0.0,0.0,0.0,0.0,0
10,379,12,4,-2.910553121182602e-05,0.0,0.0,0.0,0.0,0.0,0.0,0
10,380,12,4,-2.9098846425767988e-05,0.0,0.0,0.0,0.0,0.0,0.0,0
10,381,12,4,-2.8999211281188764e-05,0.0,0.0,0.0,0.0,0.0,0.0,0
10,382,12,4,-2.867231160053052e-05,0.0,0.0,0.0,0.0,0.0,0.0,0
10,383,12,4,-2.8396965717547573e-05,0.0,0.0,0.0,0.0,0.0,0.0,0
10,384,13,4,-2.887658411054872e-05,0.0,0.0,0.0,0.0,0.0,0.0,0
10,385,13,4,-2.9423468731692992e-05,0.0,0.0,0.0,0.0,0.0,0.0,0
10,386,13,4,-2.911346564360429e-05,0.0,0.0,0.0,0.0,0.0,0.0,0
10,387,13,4,-2.8498343453975394e-05,0.0,0.0,0.0,0.0,0.0,0.0,0
10,388,13,4,-2.8458562155719846e-05,0.0,0.0,0.0,0.0,0.0,0.0,0
10,389,13,4,-2.856445098586846e-05,0.0,0.0,0.0,0.0,0.0,0.0,0
10,390,13,4,-2.8659624149440788e-05,0.0,0.0,0.0,0.0,0.0,0.0,0
10,391,13,4,-2.844558912329376e-05,0.0,0.0,0.0,0.0,0.0,0.0,0
10,392,13,4,-2.8401762392604724e-05,0.0,0.0,0.0,0.0,0.0,0.0,0
10,393,13,4,-2.916450102929957e-05,0.0,0.0,0.0,0.0,0.0,0.0,0
10,394,13,4,-2.909025170083624e-05,0.0,0.0,0.0,0.0,0.0,0.0,0
10,395,13,4,-2.9567419915110804e-05,0.0,0.0,0.0,0.0,0.0,0.0,0
10,396,13,4,-2.942328319477383e-05,0.0,0.0,0.0,0.0,0.0,0.0,0
10,397,13,4,-2.939979094662704e-05,0.0,0.0,0.0,0.0,0.0,0.0,0
10,398,13,4,-2.8432710678316653e-05,0.0,0.0,0.0,0.0,0.0,0.0,0
10,399,13,4,-2.8380529329297133e-05,0.0,0.0,0.0,0.0,0.0,0.0,0
10,400,13,5,-2.863241024897433e-05,0.0,0.0,0.0,0.0,0.0,0.0,0
10,401,13,5,-2.874174424505327e-05,0.0,0.0,0.0,0.0,0.0,0.0,0
10,402,13,5,-0.0001717773557174,0.0,0.0,0.0,0.0,0.0,0.0,0
10,403,13,5,-0.0001790935057215,0.0,0.0,0.0,0.0,0.0,0.0,0
10,404,13,5,-0.0001829426037147,0.0,0.0,0.0,0.0,0.0,0.0,0
10,405,13,5,-0.0001711137738311,0.0,0.0,0.0,0.0,0.0,0.0,0
10,406,13,5,-0.0001806470536394,0.0,0.0,0.0,0.0,0.0,0.0,0
10,407,13,5,-0.0001767999929143,0.0,0.0,0.0,0.0,0.0,0.0,0
10,408,13,5,-0.0001833704154705,0.0,0.0,0.0,0.0,0.0,0.0,0
10,409,13,5,-0.0001864969090092,0.0,0.0,0.0,0.0,0.0,0.0,0
10,410,13,5,-0.000185886354302,0.0,0.0,0.0,0.0,0.0,0.0,0
10,411,13,5,-0.0001773719413904,0.0,0.0,0.0,0.0,0.0,0.0,0
10,412,13,5,-0.000176580826519,0.0,0.0,0.0,0.0,0.0,0.0,0
10,413,13,5,-0.0001771162933437,0.0,0.0,0.0,0.0,0.0,0.0,0
10,414,13,5,-0.0001821782643673,0.0,0.0,0.0,0.0,0.0,0.0,0
10,415,13,5,-0.0001835463481256,0.0,0.0,0.0,0.0,0.0,0.0,0
10,416,14,5,-0.0001799311430659,0.0,0.0,0.0,0.0,0.0,0.0,0
10,417,14,5,-0.0001757854042807,0.0,0.0,0.0,0.0,0.0,0.0,0
10,418,14,5,-0.0001779247395461,0.0,0.0,0.0,0.0,0.0,0.0,0
10,419,14,5,-0.0001769504742696,0.0,0.0,0.0,0.0,0.0,0.0,0
10,420,14,5,-0.0001778163568815,0.0,0.0,0.0,0.0,0.0,0.0,0
10,421,14,5,-0.0001788625959306,0.0,0.0,0.0,0.0,0.0,0.0,0
10,422,14,5,-0.0001757893915055,0.0,0.0,0.0,0.0,0.0,0.0,0
10,423,14,5,-0.0001711152144707,0.0,0.0,0.0,0.0,0.0,0.0,0
10,424,14,5,-0.0001720504369586,0.0,0.0,0.0,0.0,0.0,0.0,0
10,425,14,5,-0.0001700385037111,0.0,0.0,0.0,0.0,0.0,0.0,0
10,426,14,5,-0.0001726993650663,0.0,0.0,0.0,0.0,0.0,0.0,0
10,427,14,5,-0.0001775658020051,0.0,0.0,0.0,0.0,0.0,0.0,0
10,428,14,5,-0.0001776354911271,0.0,0.0,0.0,0.0,0.0,0.0,0
10,429,14,5,-0.0001757175050443,0.0,0.0,0.0,0.0,0.0,0.0,0
10,430,14,5,-0.0001739984436426,0.0,0.0,0.0,0.0,0.0,0.0,0
10,431,14,5,-0.0001752498792484,0.0,0.0,0.0,0.0,0.0,0.0,0
10,432,14,5,-0.0001725175679894,0.0,0.0,0.0,0.0,0.0,0.0,0
10,433,14,5,-0.0001753389660734,0.0,0.0,0.0,0.0,0.0,0.0,0
10,434,14,5,-0.0001694165403023,0.0,0.0,0.0,0.0,0.0,0.0,0
10,435,14,5,-0.0001622541312826,0.0,0.0,0.0,0.0,0.0,0.0,0
10,436,14,5,-0.0001640749251237,0.0,0.0,0.0,0.0,0.0,0.0,0
10,437,14,5,-0.0001641302078496,0.0,0.0,0.0,0.0,0.0,0.0,0
10,438,14,5,-0.0001676817628322,0.0,0.0,0.0,0.0,0.0,0.0,0
10,439,14,5,-0.0001707642513792,0.0,0.0,0.0,0.0,0.0,0.0,0
10,440,14,5,-0.0001708991912892,0.0,0.0,0.0,0.0,0.0,0.0,0
10,441,14,5,-0.0001697619154583,0.0,0.0,0.0,0.0,0.0,0.0,0
10,442,14,5,-0.0001697462721494,0.0,0.0,0.0,0.0,0.0,0.0,0
10,443,14,5,-0.0001716494734864,0.0,0.0,0.0,0.0,0.0,0.0,0
10,444,14,5,-0.0001718458224786,0.0,0.0,0.0,0.0,0.0,0.0,0
10,445,14,5,-0.0001737654092721,0.0,0.0,0.0,0.0,0.0,0.0,0
10,446,14,5,-0.0001727460039546,0.0,0.0,0.0,0.0,0.0,0.0,0
10,447,14,5,-0.0001703573652775,0.0,0.0,0.0,0.0,0.0,0.0,0
10,448,15,5,-0.0001686663454165,0.0,0.0,0.0,0.0,0.0,0.0,0
10,449,15,5,-0.0001678036933299,0.0,0.0,0.0,0.0,0.0,0.0,0
10,450,15,5,-0.0001671108038863,0.0,0.0,0.0,0.0,0.0,0.0,0
10,451,15,5,-0.0001666569005465,0.0,0.0,0.0,0.0,0.0,0.0,0
10,452,15,5,-0.0001637378009036,0.0,0.0,0.0,0.0,0.0,0.0,0
10,453,15,5,-0.00016372295795,0.0,0.0,0.0,0.0,0.0,0.0,0
10,454,15,5,-0.0001629856124054,0.0,0.0,0.0,0.0,0.0,0.0,0
10,455,15,5,-0.0001635411172173,0.0,0.0,0.0,0.0,0.0,0.0,0
10,456,15,5,-0.0001617746311239,0.0,0.0,0.0,0.0,0.0,0.0,0
10,457,15,5,-0.0001625523291295,0.0,0.0,0.0,0.0,0.0,0.0,0
10,458,15,5,-0.000162149357493,0.0,0.0,0.0,0.0,0.0,0.0,0
10,459,15,5,-0.000160641313414,0.0,0.0,0.0,0.0,0.0,0.0,0
10,460,15,5,-0.0001573640620335,0.0,0.0,0.0,0.0,0.0,0.0,0
10,461,15,5,-0.0001577633520355,0.0,0.0,0.0,0.0,0.0,0.0,0
10,462,15,5,-0.0001570251915836,0.0,0.0,0.0,0.0,0.0,0.0,0
10,463,15,5,-0.000156870286446,0.0,0.0,0.0,0.0,0.0,0.0,0
10,464,15,5,-0.000155654415721,0.0,0.0,0.0,0.0,0.0,0.0,0
10,465,15,5,-0.0001554226328153,0.0,0.0,0.0,0.0,0.0,0.0,0
10,466,15,5,-0.0001524320250609,0.0,0.0,0.0,0.0,0.0,0.0,0
10,467,15,5,-0.0001539352670079,0.0,0.0,0.0,0.0,0.0,0.0,0
10,468,15,5,-0.0001523089886177,0.0,0.0,0.0,0.0,0.0,0.0,0
10,469,15,5,-0.0001531680463813,0.0,0.0,0.0,0.0,0.0,0.0,0
10,470,15,5,-0.0001520932855783,0.0,0.0,0.0,0.0,0.0,0.0,0
10,471,15,5,-0.0001523938844911,0.0,0.0,0.0,0.0,0.0,0.0,0
10,472,15,5,-0.0001498855126556,0.0,0.0,0.0,0.0,0.0,0.0,0
10,473,15,5,-0.0001500067155575,0.0,0.0,0.0,0.0,0.0,0.0,0
10,474,15,5,-0.0001480358769185,0.0,0.0,0.0,0.0,0.0,0.0,0
10,475,15,5,-0.0001464072702219,0.0,0.0,0.0,0.0,0.0,0.0,0
10,476,15,5,-0.0001440924970665,0.0,0.0,0.0,0.0,0.0,0.0,0
10,477,15,5,-0.0001448699767934,0.0,0.0,0.0,0.0,0.0,0.0,0
10,478,15,5,-0.0001431317214155,0.0,0.0,0.0,0.0,0.0,0.0,0
10,479,15,5,-0.000143518045661,0.0,0.0,0.0,0.0,0.0,0.0,0
10,480,16,5,-0.0001425337686669,0.0,0.0,0.0,0.0,0.0,0.0,0
10,481,16,5,-0.0001429156691301,0.0,0.0,0.0,0.0,0.0,0.0,0
10,482,16,5,-0.0001417385938111,0.0,0.0,0.0,0.0,0.0,0.0,0
10,483,16,5,-0.000142021846841,0.0,0.0,0.0,0.0,0.0,0.0,0
10,484,16,5,-0.0001410585246048,0.0,0.0,0.0,0.0,0.0,0.0,0
10,485,16,5,-0.0001417743624188,0.0,0.0,0.0,0.0,0.0,0.0,0
10,486,16,5,-0.0001396941661369,0.0,0.0,0.0,0.0,0.0,0.0,0
10,487,16,5,-0.0001404753274982,0.0,0.0,0.0,0.0,0.0,0.0,0
10,488,16,5,-0.000139615527587,0.0,0.0,0.0,0.0,0.0,0.0,0
10,489,16,5,-0.0001396541338181,0.0,0.0,0.0,0.0,0.0,0.0,0
10,490,16,5,-0.0001377459557261,0.0,0.0,0.0,0.0,0.0,0.0,0
10,491,16,5,-0.0001376302388962,0.0,0.0,0.0,0.0,0.0,0.0,0
10,492,16,5,-0.0001361165050184,0.0,0.0,0.0,0.0,0.0,0.0,0
10,493,16,5,-0.0001362182811135,0.0,0.0,0.0,0.0,0.0,0.0,0
10,494,16,5,-0.0001349188096355,0.0,0.0,0.0,0.0,0.0,0.0,0
10,495,16,5,-0.0001355377753498,0.0,0.0,0.0,0.0,0.0,0.0,0
10,496,16,5,-0.0001358651497866,0.0,0.0,0.0,0.0,0.0,0.0,0
10,497,16,5,-0.0001354270352749,0.0,0.0,0.0,0.0,0.0,0.0,0
10,498,16,5,-0.0001353770203422,0.0,0.0,0.0,0.0,0.0,0.0,0
10,499,16,5,-0.0001339367008768,0.0,0.0,0.0,0.0,0.0,0.0,0
10,500,16,6,-0.0001326151104876,-0.0052495510317385,-0.0004235255473759,-2.744131506915437e-06,-2.1562826077570207e-05,0.0645771920680999,0.0093031516298651,1
10,501,16,6,-0.0001580838725203,-0.0052495510317385,-0.0004235255473759,-2.744131506915437e-06,-2.1562826077570207e-05,0.0645771920680999,0.0093031516298651,1
10,502,16,6,-0.0001537284551886,-0.0052495510317385,-0.0004235255473759,-2.744131506915437e-06,-2.1562826077570207e-05,0.0645771920680999,0.0093031516298651,1
10,503,16,6,-0.0001494852331234,-0.0052495510317385,-0.0004235255473759,-2.744131506915437e-06,-2.1562826077570207e-05,0.0645771920680999,0.0093031516298651,1
10,504,16,6,-0.0001481552026234,-0.0052495510317385,-0.0004235255473759,-2.744131506915437e-06,-2.1562826077570207e-05,0.0645771920680999,0.0093031516298651,1
10,505,16,6,-0.0001454189477954,-0.0052495510317385,-0.0004235255473759,-2.744131506915437e-06,-2.1562826077570207e-05,0.0645771920680999,0.0093031516298651,1
10,506,16,6,-0.0001404812210239,-0.0052495510317385,-0.0004235255473759,-2.744131506915437e-06,-2.1562826077570207e-05,0.0645771920680999,0.0093031516298651,1
10,507,16,6,-0.0001381149777444,-0.0052495510317385,-0.0004235255473759,-2.744131506915437e-06,-2.1562826077570207e-05,0.0645771920680999,0.0093031516298651,1
10,508,16,6,-0.0001359984307782,-0.0052495510317385,-0.0004235255473759,-2.744131506915437e-06,-2.1562826077570207e-05,0.0645771920680999,0.0093031516298651,1
10,509,16,6,-0.0001343779440503,-0.0052495510317385,-0.0004235255473759,-2.744131506915437e-06,-2.1562826077570207e-05,0.0645771920680999,0.0093031516298651,1
10,510,16,6,-0.0001325208286289,-0.0052495510317385,-0.0004235255473759,-2.744131506915437e-06,-2.1562826077570207e-05,0.0645771920680999,0.0093031516298651,1
10,511,16,6,-0.0001296846166951,-0.0052495510317385,-0.0004235255473759,-2.744131506915437e-06,-2.1562826077570207e-05,0.0645771920680999,0.0093031516298651,1
10,512,17,6,-0.0001283603487536,-0.0052495510317385,-0.0004235255473759,-2.744131506915437e-06,-2.1562826077570207e-05,0.0645771920680999,0.0093031516298651,1
10,513,17,6,-0.0001271150249522,-0.0052495510317385,-0.0004235255473759,-2.744131506915437e-06,-2.1562826077570207e-05,0.0645771920680999,0.0093031516298651,1
10,514,17,6,-0.0001245570310857,-0.0052495510317385,-0.0004235255473759,-2.744131506915437e-06,-2.1562826077570207e-05,0.0645771920680999,0.0093031516298651,1
10,515,17,6,-0.0001206802335218,-0.0052495510317385,-0.0004235255473759,-2.744131506915437e-06,-2.1562826077570207e-05,0.0645771920680999,0.0093031516298651,1
10,516,17,6,-0.0001182643609354,-0.0052495510317385,-0.0004235255473759,-2.744131506915437e-06,-2.1562826077570207e-05,0.0645771920680999,0.0093031516298651,1
10,517,17,6,-0.0001164352652267,-0.0052495510317385,-0.0004235255473759,-2.744131506915437e-06,-2.1562826077570207e-05,0.0645771920680999,0.0093031516298651,1
10,518,17,6,-0.0001153788907686,-0.0052495510317385,-0.0004235255473759,-2.744131506915437e-06,-2.1562826077570207e-05,0.0645771920680999,0.0093031516298651,1
10,519,17,6,-0.0001144894922617,-0.0052495510317385,-0.0004235255473759,-2.744131506915437e-06,-2.1562826077570207e-05,0.0645771920680999,0.0093031516298651,1
10,520,17,6,-0.0001118805012083,-0.0052495510317385,-0.0004235255473759,-2.744131506915437e-06,-2.1562826077570207e-05,0.0645771920680999,0.0093031516298651,1
10,521,17,6,-0.000108982247184,-0.0052495510317385,-0.0004235255473759,-2.744131506915437e-06,-2.1562826077570207e-05,0.0645771920680999,0.0093031516298651,1
10,522,17,6,-0.0001062779192579,-0.0052495510317385,-0.0004235255473759,-2.744131506915437e-06,-2.1562826077570207e-05,0.0645771920680999,0.0093031516298651,1
10,523,17,6,-0.0001054512758855,-0.0052495510317385,-0.0004235255473759,-2.744131506915437e-06,-2.1562826077570207e-05,0.0645771920680999,0.0093031516298651,1
10,524,17,6,-0.0001040171846398,-0.0052495510317385,-0.0004235255473759,-2.744131506915437e-06,-2.1562826077570207e-05,0.0645771920680999,0.0093031516298651,1
10,525,17,6,-0.0001033313164953,-0.0052495510317385,-0.0004235255473759,-2.744131506915437e-06,-2.1562826077570207e-05,0.0645771920680999,0.0093031516298651,1
10,526,17,6,-0.0001007219179882,-0.0052495510317385,-0.0004235255473759,-2.744131506915437e-06,-2.1562826077570207e-05,0.0645771920680999,0.0093031516298651,1
10,527,17,6,-9.782105189515278e-05,-0.0052495510317385,-0.0004235255473759,-2.744131506915437e-06,-2.1562826077570207e-05,0.0645771920680999,0.0093031516298651,1
10,528,17,6,-9.562230843584985e-05,-0.0052495510317385,-0.0004235255473759,-2.744131506915437e-06,-2.1562826077570207e-05,0.0645771920680999,0.0093031516298651,1
10,529,17,6,-9.527939255349338e-05,-0.0052495510317385,-0.0004235255473759,-2.744131506915437e-06,-2.1562826077570207e-05,0.0645771920680999,0.0093031516298651,1
10,530,17,6,-9.439264977118e-05,-0.0052495510317385,-0.0004235255473759,-2.744131506915437e-06,-2.1562826077570207e-05,0.0645771920680999,0.0093031516298651,1
10,531,17,6,-9.462566231377424e-05,-0.0052495510317385,-0.0004235255473759,-2.744131506915437e-06,-2.1562826077570207e-05,0.0645771920680999,0.0093031516298651,1
10,532,17,6,-9.320356912212446e-05,-0.0052495510317385,-0.0004235255473759,-2.744131506915437e-06,-2.1562826077570207e-05,0.0645771920680999,0.0093031516298651,1
10,533,17,6,-9.09908121684566e-05,-0.0052495510317385,-0.0004235255473759,-2.744131506915437e-06,-2.1562826077570207e-05,0.0645771920680999,0.0093031516298651,1
10,534,17,6,-9.111654799198732e-05,-0.0052495510317385,-0.0004235255473759,-2.744131506915437e-06,-2.1562826077570207e-05,0.0645771920680999,0.0093031516298651,1
10,535,17,6,-9.161389607470484e-05,-0.0052495510317385,-0.0004235255473759,-2.744131506915437e-06,-2.1562826077570207e-05,0.0645771920680999,0.0093031516298651,1
10,536,17,6,-9.184623922919856e-05,-0.0052495510317385,-0.0004235255473759,-2.744131506915437e-06,-2.1562826077570207e-05,0.0645771920680999,0.0093031516298651,1
10,537,17,6,-9.1504211013671e-05,-0.0052495510317385,-0.0004235255473759,-2.744131506915437e-06,-2.1562826077570207e-05,0.0645771920680999,0.0093031516298651,1
10,538,17,6,-9.253610187442972e-05,-0.0052495510317385,-0.0004235255473759,-2.744131506915437e-06,-2.1562826077570207e-05,0.0645771920680999,0.0093031516298651,1
10,539,17,6,-9.178477193927392e-05,-0.0052495510317385,-0.0004235255473759,-2.744131506915437e-06,-2.1562826077570207e-05,0.0645771920680999,0.0093031516298651,1
10,540,17,6,-9.087013313546775e-05,-0.0052495510317385,-0.0004235255473759,-2.744131506915437e-06,-2.1562826077570207e-05,0.0645771920680999,0.0093031516298651,1
10,541,17,6,-9.137889719568192e-05,-0.0052495510317385,-0.0004235255473759,-2.744131506915437e-06,-2.1562826077570207e-05,0.0645771920680999,0.0093031516298651,1
10,542,17,6,-9.2773130745627e-05,-0.0052495510317385,-0.0004235255473759,-2.744131506915437e-06,-2.1562826077570207e-05,0.0645771920680999,0.0093031516298651,1
10,543,17,6,-9.177025640383364e-05,-0.0052495510317385,-0.0004235255473759,-2.744131506915437e-06,-2.1562826077570207e-05,0.0645771920680999,0.0093031516298651,1
10,544,18,6,-9.005565516417846e-05,-0.0052495510317385,-0.0004235255473759,-2.744131506915437e-06,-2.1562826077570207e-05,0.0645771920680999,0.0093031516298651,1
10,545,18,6,-8.891004836186767e-05,-0.0052495510317385,-0.0004235255473759,-2.744131506915437e-06,-2.1562826077570207e-05,0.0645771920680999,0.0093031516298651,1
10,546,18,6,-8.901423279894516e-05,-0.0052495510317385,-0.0004235255473759,-2.744131506915437e-06,-2.1562826077570207e-05,0.0645771920680999,0.0093031516298651,1
10,547,18,6,-9.11916940822266e-05,-0.0052495510317385,-0.0004235255473759,-2.744131506915437e-06,-2.1562826077570207e-05,0.0645771920680999,0.0093031516298651,1
10,548,18,6,-9.226705878973009e-05,-0.0052495510317385,-0.0004235255473759,-2.744131506915437e-06,-2.1562826077570207e-05,0.0645771920680999,0.0093031516298651,1
10,549,18,6,-9.04616026673466e-05,-0.0052495510317385,-0.0004235255473759,-2.744131506915437e-06,-2.1562826077570207e-05,0.0645771920680999,0.0093031516298651,1
10,550,18,6,-8.803964010439813e-05,-0.0052495510317385,-0.0004235255473759,-2.744131506915437e-06,-2.1562826077570207e-05,0.0645771920680999,0.0093031516298651,1
10,551,18,6,-8.683954365551472e-05,-0.0052495510317385,-0.0004235255473759,-2.744131506915437e-06,-2.1562826077570207e-05,0.0645771920680999,0.0093031516298651,1
10,552,18,6,-8.689754031365737e-05,-0.0052495510317385,-0.0004235255473759,-2.744131506915437e-06,-2.1562826077570207e-05,0.0645771920680999,0.0093031516298651,1
10,553,18,6,-8.814435568638146e-05,-0.0052495510317385,-0.0004235255473759,-2.744131506915437e-06,-2.1562826077570207e-05,0.0645771920680999,0.0093031516298651,1
10,554,18,6,-8.996033284347504e-05,-0.0052495510317385,-0.0004235255473759,-2.744131506915437e-06,-2.1562826077570207e-05,0.0645771920680999,0.0093031516298651,1
10,555,18,6,-8.895957580534741e-05,-0.0052495510317385,-0.0004235255473759,-2.744131506915437e-06,-2.1562826077570207e-05,0.0645771920680999,0.0093031516298651,1
10,556,18,6,-8.832191815599799e-05,-0.0052495510317385,-0.0004235255473759,-2.744131506915437e-06,-2.1562826077570207e-05,0.0645771920680999,0.0093031516298651,1
10,557,18,6,-8.860259549692273e-05,-0.0052495510317385,-0.0004235255473759,-2.744131506915437e-06,-2.1562826077570207e-05,0.0645771920680999,0.0093031516298651,1
10,558,18,6,-9.04313419596292e-05,-0.0052495510317385,-0.0004235255473759,-2.744131506915437e-06,-2.1562826077570207e-05,0.0645771920680999,0.0093031516298651,1
10,559,18,6,-9.148355457000434e-05,-0.0052495510317385,-0.0004235255473759,-2.744131506915437e-06,-2.1562826077570207e-05,0.0645771920680999,0.0093031516298651,1
10,560,18,6,-9.02657411643304e-05,-0.0052495510317385,-0.0004235255473759,-2.744131506915437e-06,-2.1562826077570207e-05,0.0645771920680999,0.0093031516298651,1
10,561,18,6,-8.92528478289023e-05,-0.0052495510317385,-0.0004235255473759,-2.744131506915437e-06,-2.1562826077570207e-05,0.0645771920680999,0.0093031516298651,1
10,562,18,6,-8.827577403280884e-05,-0.0052495510317385,-0.0004235255473759,-2.744131506915437e-06,-2.1562826077570207e-05,0.0645771920680999,0.0093031516298651,1
10,563,18,6,-8.934811194194481e-05,-0.0052495510317385,-0.0004235255473759,-2.744131506915437e-06,-2.1562826077570207e-05,0.0645771920680999,0.0093031516298651,1
10,564,18,6,-9.068560029845683e-05,-0.0052495510317385,-0.0004235255473759,-2.744131506915437e-06,-2.1562826077570207e-05,0.0645771920680999,0.0093031516298651,1
10,565,18,6,-9.169559780275448e-05,-0.0052495510317385,-0.0004235255473759,-2.744131506915437e-06,-2.1562826077570207e-05,0.0645771920680999,0.0093031516298651,1
10,566,18,6,-9.030182991409674e-05,-0.0052495510317385,-0.0004235255473759,-2.744131506915437e-06,-2.1562826077570207e-05,0.0645771920680999,0.0093031516298651,1
10,567,18,6,-8.922445704229176e-05,-0.0052495510317385,-0.0004235255473759,-2.744131506915437e-06,-2.1562826077570207e-05,0.0645771920680999,0.0093031516298651,1
10,568,18,6,-8.867130236467347e-05,-0.0052495510317385,-0.0004235255473759,-2.744131506915437e-06,-2.1562826077570207e-05,0.0645771920680999,0.0093031516298651,1
10,569,18,6,-8.947923197411001e-05,-0.0052495510317385,-0.0004235255473759,-2.744131506915437e-06,-2.1562826077570207e-05,0.0645771920680999,0.0093031516298651,1
10,570,18,6,-9.15212367544882e-05,-0.0052495510317385,-0.0004235255473759,-2.744131506915437e-06,-2.1562826077570207e-05,0.0645771920680999,0.0093031516298651,1
10,571,18,6,-9.252076415577903e-05,-0.0052495510317385,-0.0004235255473759,-2.744131506915437e-06,-2.1562826077570207e-05,0.0645771920680999,0.0093031516298651,1
10,572,18,6,-9.110404062084854e-05,-0.0052495510317385,-0.0004235255473759,-2.744131506915437e-06,-2.1562826077570207e-05,0.0645771920680999,0.0093031516298651,1
10,573,18,6,-8.947384776547551e-05,-0.0052495510317385,-0.0004235255473759,-2.744131506915437e-06,-2.1562826077570207e-05,0.0645771920680999,0.0093031516298651,1
10,574,18,6,-8.880448149284348e-05,-0.0052495510317385,-0.0004235255473759,-2.744131506915437e-06,-2.1562826077570207e-05,0.0645771920680999,0.0093031516298651,1
10,575,18,6,-8.920198160922155e-05,-0.0052495510317385,-0.0004235255473759,-2.744131506915437e-06,-2.1562826077570207e-05,0.0645771920680999,0.0093031516298651,1
10,576,19,6,-9.039372525876388e-05,-0.0052495510317385,-0.0004235255473759,-2.744131506915437e-06,-2.1562826077570207e-05,0.0645771920680999,0.0093031516298651,1
10,577,19,6,-9.111071994993836e-05,-0.0052495510317385,-0.0004235255473759,-2.744131506915437e-06,-2.1562826077570207e-05,0.0645771920680999,0.0093031516298651,1
10,578,19,6,-9.033415699377656e-05,-0.0052495510317385,-0.0004235255473759,-2.744131506915437e-06,-2.1562826077570207e-05,0.0645771920680999,0.0093031516298651,1
10,579,19,6,-8.858217915985733e-05,-0.0052495510317385,-0.0004235255473759,-2.744131506915437e-06,-2.1562826077570207e-05,0.0645771920680999,0.0093031516298651,1
10,580,19,6,-8.825775876175612e-05,-0.0052495510317385,-0.0004235255473759,-2.744131506915437e-06,-2.1562826077570207e-05,0.0645771920680999,0.0093031516298651,1
10,581,19,6,-8.851718303048983e-05,-0.0052495510317385,-0.0004235255473759,-2.744131506915437e-06,-2.1562826077570207e-05,0.0645771920680999,0.0093031516298651,1
10,582,19,6,-9.000574209494516e-05,-0.0052495510317385,-0.0004235255473759,-2.744131506915437e-06,-2.1562826077570207e-05,0.0645771920680999,0.0093031516298651,1
10,583,19,6,-9.209550626110286e-05,-0.0052495510317385,-0.0004235255473759,-2.744131506915437e-06,-2.1562826077570207e-05,0.0645771920680999,0.0093031516298651,1
10,584,19,6,-9.065670747077093e-05,-0.0052495510317385,-0.0004235255473759,-2.744131506915437e-06,-2.1562826077570207e-05,0.0645771920680999,0.0093031516298651,1
10,585,19,6,-8.981148130260408e-05,-0.0052495510317385,-0.0004235255473759,-2.744131506915437e-06,-2.1562826077570207e-05,0.0645771920680999,0.0093031516298651,1
10,586,19,6,-9.052174573298544e-05,-0.0052495510317385,-0.0004235255473759,-2.744131506915437e-06,-2.1562826077570207e-05,0.0645771920680999,0.0093031516298651,1
10,587,19,6,-9.222864173352718e-05,-0.0052495510317385,-0.0004235255473759,-2.744131506915437e-06,-2.1562826077570207e-05,0.0645771920680999,0.0093031516298651,1
10,588,19,6,-9.332587796961889e-05,-0.0052495510317385,-0.0004235255473759,-2.744131506915437e-06,-2.1562826077570207e-05,0.0645771920680999,0.0093031516298651,1
10,589,19,6,-9.170681005343796e-05,-0.0052495510317385,-0.0004235255473759,-2.744131506915437e-06,-2.1562826077570207e-05,0.0645771920680999,0.0093031516298651,1
10,590,19,6,-9.042750752996652e-05,-0.0052495510317385,-0.0004235255473759,-2.744131506915437e-06,-2.1562826077570207e-05,0.0645771920680999,0.0093031516298651,1
10,591,19,6,-8.888202864909545e-05,-0.0052495510317385,-0.0004235255473759,-2.744131506915437e-06,-2.1562826077570207e-05,0.0645771920680999,0.0093031516298651,1
10,592,19,6,-8.865185372997075e-05,-0.0052495510317385,-0.0004235255473759,-2.744131506915437e-06,-2.1562826077570207e-05,0.0645771920680999,0.0093031516298651,1
10,593,19,6,-9.07439025468193e-05,-0.0052495510317385,-0.0004235255473759,-2.744131506915437e-06,-2.1562826077570207e-05,0.0645771920680999,0.0093031516298651,1
10,594,19,6,-9.315182978753e-05,-0.0052495510317385,-0.0004235255473759,-2.744131506915437e-06,-2.1562826077570207e-05,0.0645771920680999,0.0093031516298651,1
10,595,19,6,-9.20570018934086e-05,-0.0052495510317385,-0.0004235255473759,-2.744131506915437e-06,-2.1562826077570207e-05,0.0645771920680999,0.0093031516298651,1
10,596,19,6,-9.049030632013456e-05,-0.0052495510317385,-0.0004235255473759,-2.744131506915437e-06,-2.1562826077570207e-05,0.0645771920680999,0.0093031516298651,1
10,597,19,6,-8.898358646547422e-05,-0.0052495510317385,-0.0004235255473759,-2.744131506915437e-06,-2.1562826077570207e-05,0.0645771920680999,0.0093031516298651,1
10,598,19,6,-8.764356607571244e-05,-0.0052495510317385,-0.0004235255473759,-2.744131506915437e-06,-2.1562826077570207e-05,0.0645771920680999,0.0093031516298651,1
10,599,19,6,-8.728507964406163e-05,-0.0052495510317385,-0.0004235255473759,-2.744131506915437e-06,-2.1562826077570207e-05,0.0645771920680999,0.0093031516298651,1
10,600,19,7,-8.62743763718754e-05,-0.0052495510317385,-0.0004235255473759,-2.744131506915437e-06,-2.1562826077570207e-05,0.0645771920680999,0.0093031516298651,1
10,601,19,7,-8.700424950802699e-05,-0.0052495510317385,-0.0004235255473759,-2.744131506915437e-06,-2.1562826077570207e-05,0.0645771920680999,0.0093031516298651,1
10,602,19,7,-8.796740439720452e-05,-0.0052495510317385,-0.0004235255473759,-2.744131506915437e-06,-2.1562826077570207e-05,0.0645771920680999,0.0093031516298651,1
10,603,19,7,-8.930921467253938e-05,-0.0052495510317385,-0.0004235255473759,-2.744131506915437e-06,-2.1562826077570207e-05,0.0645771920680999,0.0093031516298651,1
10,604,19,7,-8.764499943936244e-05,-0.0052495510317385,-0.0004235255473759,-2.744131506915437e-06,-2.1562826077570207e-05,0.0645771920680999,0.0093031516298651,1
10,605,19,7,-8.726189116714522e-05,-0.0052495510317385,-0.0004235255473759,-2.744131506915437e-06,-2.1562826077570207e-05,0.0645771920680999,0.0093031516298651,1
10,606,19,7,-8.70526855578646e-05,-0.0052495510317385,-0.0004235255473759,-2.744131506915437e-06,-2.1562826077570207e-05,0.0645771920680999,0.0093031516298651,1
10,607,19,7,-8.866083953762427e-05,-0.0052495510317385,-0.0004235255473759,-2.744131506915437e-06,-2.1562826077570207e-05,0.0645771920680999,0.0093031516298651,1
10,608,20,7,-9.013473754748702e-05,-0.0052495510317385,-0.0004235255473759,-2.744131506915437e-06,-2.1562826077570207e-05,0.0645771920680999,0.0093031516298651,1
10,609,20,7,-8.859758236212656e-05,-0.0052495510317385,-0.0004235255473759,-2.744131506915437e-06,-2.1562826077570207e-05,0.0645771920680999,0.0093031516298651,1
10,610,20,7,-8.7532120232936e-05,-0.0052495510317385,-0.0004235255473759,-2.744131506915437e-06,-2.1562826077570207e-05,0.0645771920680999,0.0093031516298651,1
10,611,20,7,-8.698138844920322e-05,-0.0052495510317385,-0.0004235255473759,-2.744131506915437e-06,-2.1562826077570207e-05,0.0645771920680999,0.0093031516298651,1
10,612,20,7,-8.788140257820487e-05,-0.0052495510317385,-0.0004235255473759,-2.744131506915437e-06,-2.1562826077570207e-05,0.0645771920680999,0.0093031516298651,1
10,613,20,7,-8.973063813755289e-05,-0.0052495510317385,-0.0004235255473759,-2.744131506915437e-06,-2.1562826077570207e-05,0.0645771920680999,0.0093031516298651,1
10,614,20,7,-9.091588435694577e-05,-0.0052495510317385,-0.0004235255473759,-2.744131506915437e-06,-2.1562826077570207e-05,0.0645771920680999,0.0093031516298651,1
10,615,20,7,-9.020518336910754e-05,-0.0052495510317385,-0.0004235255473759,-2.744131506915437e-06,-2.1562826077570207e-05,0.0645771920680999,0.0093031516298651,1
10,616,20,7,-9.095232235267758e-05,-0.0052495510317385,-0.0004235255473759,-2.744131506915437e-06,-2.1562826077570207e-05,0.0645771920680999,0.0093031516298651,1
10,617,20,7,-9.301312820753084e-05,-0.0052495510317385,-0.0004235255473759,-2.744131506915437e-06,-2.1562826077570207e-05,0.0645771920680999,0.0093031516298651,1
10,618,20,7,-9.366987069370224e-05,-0.0052495510317385,-0.0004235255473759,-2.744131506915437e-06,-2.1562826077570207e-05,0.0645771920680999,0.0093031516298651,1
10,619,20,7,-9.251226583728568e-05,-0.0052495510317385,-0.0004235255473759,-2.744131506915437e-06,-2.1562826077570207e-05,0.0645771920680999,0.0093031516298651,1
10,620,20,7,-9.074206900550053e-05,-0.0052495510317385,-0.0004235255473759,-2.744131506915437e-06,-2.1562826077570207e-05,0.0645771920680999,0.0093031516298651,1
10,621,20,7,-8.951771451393142e-05,-0.0052495510317385,-0.0004235255473759,-2.744131506915437e-06,-2.1562826077570207e-05,0.0645771920680999,0.0093031516298651,1
10,622,20,7,-8.875701314536855e-05,-0.0052495510317385,-0.0004235255473759,-2.744131506915437e-06,-2.1562826077570207e-05,0.0645771920680999,0.0093031516298651,1
10,623,20,7,-8.992972288979217e-05,-0.0052495510317385,-0.0004235255473759,-2.744131506915437e-06,-2.1562826077570207e-05,0.0645771920680999,0.0093031516298651,1
10,624,20,7,-9.153984137810768e-05,-0.0052495510317385,-0.0004235255473759,-2.744131506915437e-06,-2.1562826077570207e-05,0.0645771920680999,0.0093031516298651,1
10,625,20,7,-9.185753151541576e-05,-0.0052495510317385,-0.0004235255473759,-2.744131506915437e-06,-2.1562826077570207e-05,0.0645771920680999,0.0093031516298651,1
10,626,20,7,-9.076848073164e-05,-0.0052495510317385,-0.0004235255473759,-2.744131506915437e-06,-2.1562826077570207e-05,0.0645771920680999,0.0093031516298651,1
10,627,20,7,-8.949163020588458e-05,-0.0052495510317385,-0.0004235255473759,-2.744131506915437e-06,-2.1562826077570207e-05,0.0645771920680999,0.0093031516298651,1
10,628,20,7,-8.832722960505635e-05,-0.0052495510317385,-0.0004235255473759,-2.744131506915437e-06,-2.1562826077570207e-05,0.0645771920680999,0.0093031516298651,1
10,629,20,7,-8.809896826278418e-05,-0.0052495510317385,-0.0004235255473759,-2.744131506915437e-06,-2.1562826077570207e-05,0.0645771920680999,0.0093031516298651,1
10,630,20,7,-8.913625788409263e-05,-0.0052495510317385,-0.0004235255473759,-2.744131506915437e-06,-2.1562826077570207e-05,0.0645771920680999,0.0093031516298651,1
10,631,20,7,-9.028286149259657e-05,-0.0052495510317385,-0.0004235255473759,-2.744131506915437e-06,-2.1562826077570207e-05,0.0645771920680999,0.0093031516298651,1
10,632,20,7,-9.042617602972314e-05,-0.0052495510317385,-0.0004235255473759,-2.744131506915437e-06,-2.1562826077570207e-05,0.0645771920680999,0.0093031516298651,1
10,633,20,7,-8.932843047659844e-05,-0.0052495510317385,-0.0004235255473759,-2.744131506915437e-06,-2.1562826077570207e-05,0.0645771920680999,0.0093031516298651,1
10,634,20,7,-8.811710722511634e-05,-0.0052495510317385,-0.0004235255473759,-2.744131506915437e-06,-2.1562826077570207e-05,0.0645771920680999,0.0093031516298651,1
10,635,20,7,-8.738834003452212e-05,-0.0052495510317385,-0.0004235255473759,-2.744131506915437e-06,-2.1562826077570207e-05,0.0645771920680999,0.0093031516298651,1
10,636,20,7,-8.6989690316841e-05,-0.0052495510317385,-0.0004235255473759,-2.744131506915437e-06,-2.1562826077570207e-05,0.0645771920680999,0.0093031516298651,1
10,637,20,7,-8.717014861758798e-05,-0.0052495510317385,-0.0004235255473759,-2.744131506915437e-06,-2.1562826077570207e-05,0.0645771920680999,0.0093031516298651,1
10,638,20,7,-8.906632865546271e-05,-0.0052495510317385,-0.0004235255473759,-2.744131506915437e-06,-2.1562826077570207e-05,0.0645771920680999,0.0093031516298651,1
10,639,20,7,-9.037611744133756e-05,-0.0052495510317385,-0.0004235255473759,-2.744131506915437e-06,-2.1562826077570207e-05,0.0645771920680999,0.0093031516298651,1
10,640,21,7,-8.914293721318245e-05,-0.0052495510317385,-0.0004235255473759,-2.744131506915437e-06,-2.1562826077570207e-05,0.0645771920680999,0.0093031516298651,1
10,641,21,7,-8.805478137219325e-05,-0.0052495510317385,-0.0004235255473759,-2.744131506915437e-06,-2.1562826077570207e-05,0.0645771920680999,0.0093031516298651,1
10,642,21,7,-8.85563058545813e-05,-0.0052495510317385,-0.0004235255473759,-2.744131506915437e-06,-2.1562826077570207e-05,0.0645771920680999,0.0093031516298651,1
10,643,21,7,-8.976965182228014e-05,-0.0052495510317385,-0.0004235255473759,-2.744131506915437e-06,-2.1562826077570207e-05,0.0645771920680999,0.0093031516298651,1
10,644,21,7,-9.152072016149759e-05,-0.00524955103173852,-0.00042352554737590253,-2.744131506915437e-06,-2.1562826077570207e-05,0.06457719206809998,0.00930315162986517,1
